Transaction ID,Date,Month,Day,Year,Customer ID,Gender,Age,Age Group,Product Category,Quantity,Price per Unit,Total Amount,5% discounted price,,
1,11/24/2023,Nov,Fri,2023,CUST001,Male,34,Adult,Beauty,3,50,150,2.5,,
2,2/27/2023,Feb,Mon,2023,CUST002,Female,26,Adult,Clothing,2,500,1000,25,,
3,1/13/2023,Jan,Fri,2023,CUST003,Male,50,Older Adults,Electronics,1,30,30,1.5,STATISTICS,
4,5/21/2023,May,Sun,2023,CUST004,Male,37,Adult,Clothing,1,500,500,25,AVERAGE,456
5,5/6/2023,May,Sat,2023,CUST005,Male,30,Adult,Beauty,2,50,100,2.5,STD,559.9976316
6,4/25/2023,Apr,Tue,2023,CUST006,Female,45,Adult,Beauty,1,30,30,1.5,mode,50
7,3/13/2023,Mar,Mon,2023,CUST007,Male,46,Adult,Clothing,2,25,50,1.25,MEDIUM,135
8,2/22/2023,Feb,Wed,2023,CUST008,Male,30,Adult,Electronics,4,25,100,1.25,FREQUENCY,115
9,12/13/2023,Dec,Wed,2023,CUST009,Male,63,Older Adults,Electronics,2,300,600,15,,
10,10/7/2023,Oct,Sat,2023,CUST010,Female,52,Older Adults,Clothing,4,50,200,2.5,,
11,2/14/2023,Feb,Tue,2023,CUST011,Male,23,Adolescents,Clothing,2,50,100,2.5,,
12,10/30/2023,Oct,Mon,2023,CUST012,Male,35,Adult,Beauty,3,25,75,1.25,,
13,8/5/2023,Aug,Sat,2023,CUST013,Male,22,Adolescents,Electronics,3,500,1500,25,,
14,1/17/2023,Jan,Tue,2023,CUST014,Male,64,Older Adults,Clothing,4,30,120,1.5,,
15,1/16/2023,Jan,Mon,2023,CUST015,Female,42,Adult,Electronics,4,500,2000,25,,
16,2/17/2023,Feb,Fri,2023,CUST016,Male,19,Adolescents,Clothing,3,500,1500,25,,
17,4/22/2023,Apr,Sat,2023,CUST017,Female,27,Adult,Clothing,4,25,100,1.25,,
18,4/30/2023,Apr,Sun,2023,CUST018,Female,47,Adult,Electronics,2,25,50,1.25,,
19,9/16/2023,Sep,Sat,2023,CUST019,Female,62,Older Adults,Clothing,2,25,50,1.25,,
20,11/5/2023,Nov,Sun,2023,CUST020,Male,22,Adolescents,Clothing,3,300,900,15,,
21,1/14/2023,Jan,Sat,2023,CUST021,Female,50,Older Adults,Beauty,1,500,500,25,,
22,10/15/2023,Oct,Sun,2023,CUST022,Male,18,Adolescents,Clothing,2,50,100,2.5,,
23,4/12/2023,Apr,Wed,2023,CUST023,Female,35,Adult,Clothing,4,30,120,1.5,,
24,11/29/2023,Nov,Wed,2023,CUST024,Female,49,Adult,Clothing,1,300,300,15,,
25,12/26/2023,Dec,Tue,2023,CUST025,Female,64,Older Adults,Beauty,1,50,50,2.5,,
26,10/7/2023,Oct,Sat,2023,CUST026,Female,28,Adult,Electronics,2,500,1000,25,,
27,8/3/2023,Aug,Thu,2023,CUST027,Female,38,Adult,Beauty,2,25,50,1.25,,
28,4/23/2023,Apr,Sun,2023,CUST028,Female,43,Adult,Beauty,1,500,500,25,,
29,8/18/2023,Aug,Fri,2023,CUST029,Female,42,Adult,Electronics,1,30,30,1.5,,
30,10/29/2023,Oct,Sun,2023,CUST030,Female,39,Adult,Beauty,3,300,900,15,,
31,5/23/2023,May,Tue,2023,CUST031,Male,44,Adult,Electronics,4,300,1200,15,,
32,1/4/2023,Jan,Wed,2023,CUST032,Male,30,Adult,Beauty,3,30,90,1.5,,
33,3/23/2023,Mar,Thu,2023,CUST033,Female,50,Older Adults,Electronics,2,50,100,2.5,,
34,12/24/2023,Dec,Sun,2023,CUST034,Female,51,Older Adults,Clothing,3,50,150,2.5,,
35,8/5/2023,Aug,Sat,2023,CUST035,Female,58,Older Adults,Beauty,3,300,900,15,,
36,6/24/2023,Jun,Sat,2023,CUST036,Male,52,Older Adults,Beauty,3,300,900,15,,
37,5/23/2023,May,Tue,2023,CUST037,Female,18,Adolescents,Beauty,3,25,75,1.25,,
38,3/21/2023,Mar,Tue,2023,CUST038,Male,38,Adult,Beauty,4,50,200,2.5,,
39,4/21/2023,Apr,Fri,2023,CUST039,Male,23,Adolescents,Clothing,4,30,120,1.5,,
40,6/22/2023,Jun,Thu,2023,CUST040,Male,45,Adult,Beauty,1,50,50,2.5,,
41,2/22/2023,Feb,Wed,2023,CUST041,Male,34,Adult,Clothing,2,25,50,1.25,,
42,2/17/2023,Feb,Fri,2023,CUST042,Male,22,Adolescents,Clothing,3,300,900,15,,
43,7/14/2023,Jul,Fri,2023,CUST043,Female,48,Adult,Clothing,1,300,300,15,,
44,2/19/2023,Feb,Sun,2023,CUST044,Female,22,Adolescents,Clothing,1,25,25,1.25,,
45,7/3/2023,Jul,Mon,2023,CUST045,Female,55,Older Adults,Electronics,1,30,30,1.5,,
46,6/26/2023,Jun,Mon,2023,CUST046,Female,20,Adolescents,Electronics,4,300,1200,15,,
47,11/6/2023,Nov,Mon,2023,CUST047,Female,40,Adult,Beauty,3,500,1500,25,,
48,5/16/2023,May,Tue,2023,CUST048,Male,54,Older Adults,Electronics,3,300,900,15,,
49,1/23/2023,Jan,Mon,2023,CUST049,Female,54,Older Adults,Electronics,2,500,1000,25,,
50,8/24/2023,Aug,Thu,2023,CUST050,Female,27,Adult,Beauty,3,25,75,1.25,,
51,10/2/2023,Oct,Mon,2023,CUST051,Male,27,Adult,Beauty,3,25,75,1.25,,
52,3/5/2023,Mar,Sun,2023,CUST052,Female,36,Adult,Beauty,1,300,300,15,,
53,7/13/2023,Jul,Thu,2023,CUST053,Male,34,Adult,Electronics,2,50,100,2.5,,
54,2/10/2023,Feb,Fri,2023,CUST054,Female,38,Adult,Electronics,3,500,1500,25,,
55,10/10/2023,Oct,Tue,2023,CUST055,Male,31,Adult,Beauty,4,30,120,1.5,,
56,5/31/2023,May,Wed,2023,CUST056,Female,26,Adult,Clothing,3,300,900,15,,
57,11/18/2023,Nov,Sat,2023,CUST057,Female,63,Older Adults,Beauty,1,30,30,1.5,,
58,11/13/2023,Nov,Mon,2023,CUST058,Male,18,Adolescents,Clothing,4,300,1200,15,,
59,7/5/2023,Jul,Wed,2023,CUST059,Male,62,Older Adults,Clothing,1,50,50,2.5,,
60,10/23/2023,Oct,Mon,2023,CUST060,Male,30,Adult,Beauty,3,50,150,2.5,,
61,4/9/2023,Apr,Sun,2023,CUST061,Male,21,Adolescents,Beauty,4,50,200,2.5,,
62,12/27/2023,Dec,Wed,2023,CUST062,Male,18,Adolescents,Beauty,2,50,100,2.5,,
63,2/5/2023,Feb,Sun,2023,CUST063,Male,57,Older Adults,Electronics,2,25,50,1.25,,
64,1/24/2023,Jan,Tue,2023,CUST064,Male,49,Adult,Clothing,4,25,100,1.25,,
65,12/5/2023,Dec,Tue,2023,CUST065,Male,51,Older Adults,Electronics,4,500,2000,25,,
66,4/27/2023,Apr,Thu,2023,CUST066,Female,45,Adult,Electronics,1,30,30,1.5,,
67,5/29/2023,May,Mon,2023,CUST067,Female,48,Adult,Beauty,4,300,1200,15,,
68,2/10/2023,Feb,Fri,2023,CUST068,Male,25,Adolescents,Electronics,1,300,300,15,,
69,4/30/2023,Apr,Sun,2023,CUST069,Female,56,Older Adults,Beauty,3,25,75,1.25,,
70,2/21/2023,Feb,Tue,2023,CUST070,Female,43,Adult,Clothing,1,300,300,15,,
71,7/14/2023,Jul,Fri,2023,CUST071,Female,51,Older Adults,Beauty,4,25,100,1.25,,
72,5/23/2023,May,Tue,2023,CUST072,Female,20,Adolescents,Electronics,4,500,2000,25,,
73,8/21/2023,Aug,Mon,2023,CUST073,Male,29,Adult,Electronics,3,30,90,1.5,,
74,11/22/2023,Nov,Wed,2023,CUST074,Female,18,Adolescents,Beauty,4,500,2000,25,,
75,7/6/2023,Jul,Thu,2023,CUST075,Male,61,Older Adults,Beauty,4,50,200,2.5,,
76,3/25/2023,Mar,Sat,2023,CUST076,Female,22,Adolescents,Electronics,2,50,100,2.5,,
77,7/9/2023,Jul,Sun,2023,CUST077,Female,47,Adult,Clothing,2,50,100,2.5,,
78,7/1/2023,Jul,Sat,2023,CUST078,Female,47,Adult,Clothing,3,500,1500,25,,
79,4/18/2023,Apr,Tue,2023,CUST079,Male,34,Adult,Beauty,1,300,300,15,,
80,12/10/2023,Dec,Sun,2023,CUST080,Female,64,Older Adults,Clothing,2,30,60,1.5,,
81,5/17/2023,May,Wed,2023,CUST081,Male,40,Adult,Electronics,1,50,50,2.5,,
82,12/26/2023,Dec,Tue,2023,CUST082,Female,32,Adult,Beauty,4,50,200,2.5,,
83,12/16/2023,Dec,Sat,2023,CUST083,Male,54,Older Adults,Electronics,2,50,100,2.5,,
84,11/28/2023,Nov,Tue,2023,CUST084,Female,38,Adult,Electronics,3,30,90,1.5,,
85,2/6/2023,Feb,Mon,2023,CUST085,Male,31,Adult,Clothing,3,50,150,2.5,,
86,11/8/2023,Nov,Wed,2023,CUST086,Male,19,Adolescents,Beauty,3,30,90,1.5,,
87,11/22/2023,Nov,Wed,2023,CUST087,Female,28,Adult,Beauty,2,50,100,2.5,,
88,3/29/2023,Mar,Wed,2023,CUST088,Male,56,Older Adults,Clothing,1,500,500,25,,
89,10/1/2023,Oct,Sun,2023,CUST089,Female,55,Older Adults,Electronics,4,500,2000,25,,
90,5/6/2023,May,Sat,2023,CUST090,Female,51,Older Adults,Electronics,1,30,30,1.5,,
91,3/25/2023,Mar,Sat,2023,CUST091,Female,55,Older Adults,Electronics,1,500,500,25,,
92,8/25/2023,Aug,Fri,2023,CUST092,Female,51,Older Adults,Electronics,4,30,120,1.5,,
93,7/14/2023,Jul,Fri,2023,CUST093,Female,35,Adult,Beauty,4,500,2000,25,,
94,5/19/2023,May,Fri,2023,CUST094,Female,47,Adult,Beauty,2,500,1000,25,,
95,11/24/2023,Nov,Fri,2023,CUST095,Female,32,Adult,Clothing,2,30,60,1.5,,
96,12/19/2023,Dec,Tue,2023,CUST096,Female,44,Adult,Clothing,2,300,600,15,,
97,10/13/2023,Oct,Fri,2023,CUST097,Female,51,Older Adults,Beauty,2,500,1000,25,,
98,4/23/2023,Apr,Sun,2023,CUST098,Female,55,Older Adults,Beauty,2,50,100,2.5,,
99,12/17/2023,Dec,Sun,2023,CUST099,Female,50,Older Adults,Electronics,4,300,1200,15,,
100,6/16/2023,Jun,Fri,2023,CUST100,Male,41,Adult,Electronics,1,30,30,1.5,,
101,1/29/2023,Jan,Sun,2023,CUST101,Male,32,Adult,Clothing,2,300,600,15,,
102,4/28/2023,Apr,Fri,2023,CUST102,Female,47,Adult,Beauty,2,25,50,1.25,,
103,1/17/2023,Jan,Tue,2023,CUST103,Female,59,Older Adults,Clothing,1,25,25,1.25,,
104,6/11/2023,Jun,Sun,2023,CUST104,Female,34,Adult,Beauty,2,500,1000,25,,
105,7/25/2023,Jul,Tue,2023,CUST105,Female,22,Adolescents,Electronics,1,500,500,25,,
106,5/18/2023,May,Thu,2023,CUST106,Female,46,Adult,Clothing,1,50,50,2.5,,
107,2/3/2023,Feb,Fri,2023,CUST107,Female,21,Adolescents,Clothing,4,300,1200,15,,
108,4/19/2023,Apr,Wed,2023,CUST108,Female,27,Adult,Beauty,3,25,75,1.25,,
109,10/18/2023,Oct,Wed,2023,CUST109,Female,34,Adult,Electronics,4,500,2000,25,,
110,6/11/2023,Jun,Sun,2023,CUST110,Male,27,Adult,Clothing,3,300,900,15,,
111,4/19/2023,Apr,Wed,2023,CUST111,Female,34,Adult,Electronics,3,500,1500,25,,
112,12/2/2023,Dec,Sat,2023,CUST112,Male,37,Adult,Clothing,3,500,1500,25,,
113,9/13/2023,Sep,Wed,2023,CUST113,Female,41,Adult,Electronics,2,25,50,1.25,,
114,7/22/2023,Jul,Sat,2023,CUST114,Female,22,Adolescents,Beauty,4,25,100,1.25,,
115,11/26/2023,Nov,Sun,2023,CUST115,Male,51,Older Adults,Clothing,3,500,1500,25,,
116,8/23/2023,Aug,Wed,2023,CUST116,Female,23,Adolescents,Clothing,1,30,30,1.5,,
117,3/15/2023,Mar,Wed,2023,CUST117,Male,19,Adolescents,Electronics,2,500,1000,25,,
118,5/16/2023,May,Tue,2023,CUST118,Female,30,Adult,Electronics,4,500,2000,25,,
119,3/13/2023,Mar,Mon,2023,CUST119,Female,60,Older Adults,Clothing,3,50,150,2.5,,
120,5/7/2023,May,Sun,2023,CUST120,Male,60,Older Adults,Beauty,1,50,50,2.5,,
121,10/15/2023,Oct,Sun,2023,CUST121,Female,28,Adult,Electronics,4,50,200,2.5,,
122,10/3/2023,Oct,Tue,2023,CUST122,Male,64,Older Adults,Electronics,4,30,120,1.5,,
123,5/15/2023,May,Mon,2023,CUST123,Female,40,Adult,Electronics,2,30,60,1.5,,
124,10/27/2023,Oct,Fri,2023,CUST124,Male,33,Adult,Clothing,4,500,2000,25,,
125,8/8/2023,Aug,Tue,2023,CUST125,Male,48,Adult,Clothing,2,50,100,2.5,,
126,10/26/2023,Oct,Thu,2023,CUST126,Female,28,Adult,Clothing,3,30,90,1.5,,
127,7/24/2023,Jul,Mon,2023,CUST127,Female,33,Adult,Clothing,2,25,50,1.25,,
128,7/5/2023,Jul,Wed,2023,CUST128,Male,25,Adolescents,Beauty,1,500,500,25,,
129,4/23/2023,Apr,Sun,2023,CUST129,Female,21,Adolescents,Beauty,2,300,600,15,,
130,3/12/2023,Mar,Sun,2023,CUST130,Female,57,Older Adults,Clothing,1,500,500,25,,
131,9/18/2023,Sep,Mon,2023,CUST131,Female,21,Adolescents,Beauty,2,300,600,15,,
132,9/10/2023,Sep,Sun,2023,CUST132,Male,42,Adult,Electronics,4,50,200,2.5,,
133,2/16/2023,Feb,Thu,2023,CUST133,Male,20,Adolescents,Electronics,3,300,900,15,,
134,1/25/2023,Jan,Wed,2023,CUST134,Male,49,Adult,Electronics,1,50,50,2.5,,
135,2/26/2023,Feb,Sun,2023,CUST135,Male,20,Adolescents,Clothing,2,25,50,1.25,,
136,3/20/2023,Mar,Mon,2023,CUST136,Male,44,Adult,Electronics,2,300,600,15,,
137,11/18/2023,Nov,Sat,2023,CUST137,Male,46,Adult,Beauty,2,500,1000,25,,
138,3/23/2023,Mar,Thu,2023,CUST138,Male,49,Adult,Clothing,4,50,200,2.5,,
139,12/15/2023,Dec,Fri,2023,CUST139,Male,36,Adult,Beauty,4,500,2000,25,,
140,8/5/2023,Aug,Sat,2023,CUST140,Male,38,Adult,Electronics,1,30,30,1.5,,
141,11/2/2023,Nov,Thu,2023,CUST141,Female,22,Adolescents,Electronics,1,50,50,2.5,,
142,2/2/2023,Feb,Thu,2023,CUST142,Male,35,Adult,Electronics,4,300,1200,15,,
143,7/17/2023,Jul,Mon,2023,CUST143,Female,45,Adult,Clothing,1,50,50,2.5,,
144,7/15/2023,Jul,Sat,2023,CUST144,Female,59,Older Adults,Beauty,3,500,1500,25,,
145,11/2/2023,Nov,Thu,2023,CUST145,Female,39,Adult,Clothing,3,25,75,1.25,,
146,8/28/2023,Aug,Mon,2023,CUST146,Male,38,Adult,Clothing,4,50,200,2.5,,
147,9/28/2023,Sep,Thu,2023,CUST147,Male,23,Adolescents,Electronics,1,300,300,15,,
148,5/9/2023,May,Tue,2023,CUST148,Male,18,Adolescents,Clothing,2,30,60,1.5,,
149,10/11/2023,Oct,Wed,2023,CUST149,Male,22,Adolescents,Clothing,3,25,75,1.25,,
150,1/6/2023,Jan,Fri,2023,CUST150,Female,58,Older Adults,Electronics,4,30,120,1.5,,
151,12/15/2023,Dec,Fri,2023,CUST151,Male,29,Adult,Clothing,1,50,50,2.5,,
152,2/28/2023,Feb,Tue,2023,CUST152,Male,43,Adult,Electronics,4,500,2000,25,,
153,12/16/2023,Dec,Sat,2023,CUST153,Male,63,Older Adults,Electronics,2,500,1000,25,,
154,10/2/2023,Oct,Mon,2023,CUST154,Male,51,Older Adults,Electronics,3,300,900,15,,
155,5/17/2023,May,Wed,2023,CUST155,Male,31,Adult,Electronics,4,500,2000,25,,
156,11/25/2023,Nov,Sat,2023,CUST156,Female,43,Adult,Clothing,4,25,100,1.25,,
157,6/24/2023,Jun,Sat,2023,CUST157,Male,62,Older Adults,Electronics,4,500,2000,25,,
158,2/27/2023,Feb,Mon,2023,CUST158,Female,44,Adult,Electronics,2,300,600,15,,
159,5/31/2023,May,Wed,2023,CUST159,Male,26,Adult,Clothing,4,50,200,2.5,,
160,8/11/2023,Aug,Fri,2023,CUST160,Female,43,Adult,Clothing,2,50,100,2.5,,
161,3/22/2023,Mar,Wed,2023,CUST161,Male,64,Older Adults,Beauty,2,500,1000,25,,
162,8/21/2023,Aug,Mon,2023,CUST162,Male,39,Adult,Clothing,2,30,60,1.5,,
163,1/2/2023,Jan,Mon,2023,CUST163,Female,64,Older Adults,Clothing,3,50,150,2.5,,
164,5/15/2023,May,Mon,2023,CUST164,Female,47,Adult,Beauty,3,500,1500,25,,
165,9/14/2023,Sep,Thu,2023,CUST165,Female,60,Older Adults,Clothing,4,300,1200,15,,
166,4/2/2023,Apr,Sun,2023,CUST166,Male,34,Adult,Clothing,4,500,2000,25,,
167,9/17/2023,Sep,Sun,2023,CUST167,Female,43,Adult,Clothing,3,50,150,2.5,,
168,2/24/2023,Feb,Fri,2023,CUST168,Male,53,Older Adults,Clothing,1,300,300,15,,
169,11/17/2023,Nov,Fri,2023,CUST169,Male,18,Adolescents,Beauty,3,500,1500,25,,
170,6/2/2023,Jun,Fri,2023,CUST170,Female,25,Adolescents,Clothing,2,25,50,1.25,,
171,11/24/2023,Nov,Fri,2023,CUST171,Female,52,Older Adults,Clothing,3,300,900,15,,
172,9/17/2023,Sep,Sun,2023,CUST172,Male,32,Adult,Beauty,2,25,50,1.25,,
173,11/8/2023,Nov,Wed,2023,CUST173,Male,64,Older Adults,Electronics,4,30,120,1.5,,
174,4/12/2023,Apr,Wed,2023,CUST174,Female,39,Adult,Beauty,1,300,300,15,,
175,3/20/2023,Mar,Mon,2023,CUST175,Female,31,Adult,Electronics,4,25,100,1.25,,
176,7/11/2023,Jul,Tue,2023,CUST176,Female,43,Adult,Beauty,2,50,100,2.5,,
177,3/24/2023,Mar,Fri,2023,CUST177,Male,45,Adult,Beauty,2,50,100,2.5,,
178,10/4/2023,Oct,Wed,2023,CUST178,Male,40,Adult,Clothing,2,30,60,1.5,,
179,9/29/2023,Sep,Fri,2023,CUST179,Male,31,Adult,Electronics,1,300,300,15,,
180,1/1/2023,Jan,Sun,2023,CUST180,Male,41,Adult,Clothing,3,300,900,15,,
181,11/3/2023,Nov,Fri,2023,CUST181,Male,19,Adolescents,Electronics,4,300,1200,15,,
182,6/15/2023,Jun,Thu,2023,CUST182,Male,62,Older Adults,Beauty,4,30,120,1.5,,
183,9/8/2023,Sep,Fri,2023,CUST183,Female,43,Adult,Beauty,3,300,900,15,,
184,1/10/2023,Jan,Tue,2023,CUST184,Male,31,Adult,Electronics,4,50,200,2.5,,
185,2/27/2023,Feb,Mon,2023,CUST185,Male,24,Adolescents,Clothing,1,25,25,1.25,,
186,7/5/2023,Jul,Wed,2023,CUST186,Male,20,Adolescents,Clothing,4,50,200,2.5,,
187,6/7/2023,Jun,Wed,2023,CUST187,Female,64,Older Adults,Clothing,2,50,100,2.5,,
188,5/3/2023,May,Wed,2023,CUST188,Male,40,Adult,Clothing,3,25,75,1.25,,
189,1/30/2023,Jan,Mon,2023,CUST189,Male,63,Older Adults,Beauty,1,50,50,2.5,,
190,5/4/2023,May,Thu,2023,CUST190,Female,60,Older Adults,Beauty,3,30,90,1.5,,
191,10/18/2023,Oct,Wed,2023,CUST191,Male,64,Older Adults,Beauty,1,25,25,1.25,,
192,2/10/2023,Feb,Fri,2023,CUST192,Male,62,Older Adults,Beauty,2,50,100,2.5,,
193,2/13/2023,Feb,Mon,2023,CUST193,Male,35,Adult,Beauty,3,500,1500,25,,
194,9/6/2023,Sep,Wed,2023,CUST194,Male,55,Older Adults,Clothing,4,50,200,2.5,,
195,2/5/2023,Feb,Sun,2023,CUST195,Male,52,Older Adults,Clothing,1,30,30,1.5,,
196,9/30/2023,Sep,Sat,2023,CUST196,Female,32,Adult,Clothing,3,300,900,15,,
197,3/6/2023,Mar,Mon,2023,CUST197,Female,42,Adult,Clothing,4,50,200,2.5,,
198,3/7/2023,Mar,Tue,2023,CUST198,Female,54,Older Adults,Beauty,3,300,900,15,,
199,12/4/2023,Dec,Mon,2023,CUST199,Male,45,Adult,Beauty,3,500,1500,25,,
200,9/1/2023,Sep,Fri,2023,CUST200,Male,27,Adult,Beauty,3,50,150,2.5,,
201,10/9/2023,Oct,Mon,2023,CUST201,Male,56,Older Adults,Electronics,1,25,25,1.25,,
202,3/26/2023,Mar,Sun,2023,CUST202,Female,34,Adult,Clothing,4,300,1200,15,,
203,5/16/2023,May,Tue,2023,CUST203,Male,56,Older Adults,Clothing,2,500,1000,25,,
204,9/28/2023,Sep,Thu,2023,CUST204,Male,39,Adult,Beauty,1,25,25,1.25,,
205,11/7/2023,Nov,Tue,2023,CUST205,Female,43,Adult,Clothing,1,25,25,1.25,,
206,8/5/2023,Aug,Sat,2023,CUST206,Male,61,Older Adults,Clothing,1,25,25,1.25,,
207,4/19/2023,Apr,Wed,2023,CUST207,Female,42,Adult,Beauty,2,25,50,1.25,,
208,10/4/2023,Oct,Wed,2023,CUST208,Female,34,Adult,Electronics,4,50,200,2.5,,
209,12/20/2023,Dec,Wed,2023,CUST209,Female,30,Adult,Electronics,4,50,200,2.5,,
210,4/13/2023,Apr,Thu,2023,CUST210,Male,37,Adult,Electronics,4,50,200,2.5,,
211,1/1/2024,Jan,Mon,2024,CUST211,Male,42,Adult,Beauty,3,500,1500,25,,
212,6/9/2023,Jun,Fri,2023,CUST212,Male,21,Adolescents,Clothing,3,500,1500,25,,
213,7/24/2023,Jul,Mon,2023,CUST213,Male,27,Adult,Beauty,3,500,1500,25,,
214,12/10/2023,Dec,Sun,2023,CUST214,Male,20,Adolescents,Beauty,2,30,60,1.5,,
215,11/29/2023,Nov,Wed,2023,CUST215,Male,58,Older Adults,Clothing,3,500,1500,25,,
216,7/11/2023,Jul,Tue,2023,CUST216,Male,62,Older Adults,Electronics,2,50,100,2.5,,
217,8/13/2023,Aug,Sun,2023,CUST217,Female,35,Adult,Electronics,4,50,200,2.5,,
218,9/22/2023,Sep,Fri,2023,CUST218,Male,64,Older Adults,Beauty,3,30,90,1.5,,
219,8/20/2023,Aug,Sun,2023,CUST219,Female,53,Older Adults,Electronics,3,30,90,1.5,,
220,3/3/2023,Mar,Fri,2023,CUST220,Male,64,Older Adults,Beauty,1,500,500,25,,
221,5/7/2023,May,Sun,2023,CUST221,Male,39,Adult,Beauty,2,300,600,15,,
222,4/26/2023,Apr,Wed,2023,CUST222,Male,51,Older Adults,Clothing,4,30,120,1.5,,
223,2/2/2023,Feb,Thu,2023,CUST223,Female,64,Older Adults,Clothing,1,25,25,1.25,,
224,6/23/2023,Jun,Fri,2023,CUST224,Female,25,Adolescents,Clothing,1,50,50,2.5,,
225,1/11/2023,Jan,Wed,2023,CUST225,Female,57,Older Adults,Beauty,4,25,100,1.25,,
226,10/29/2023,Oct,Sun,2023,CUST226,Female,61,Older Adults,Clothing,1,50,50,2.5,,
227,10/11/2023,Oct,Wed,2023,CUST227,Male,36,Adult,Electronics,2,50,100,2.5,,
228,4/28/2023,Apr,Fri,2023,CUST228,Female,59,Older Adults,Electronics,2,30,60,1.5,,
229,10/29/2023,Oct,Sun,2023,CUST229,Male,58,Older Adults,Beauty,3,30,90,1.5,,
230,4/23/2023,Apr,Sun,2023,CUST230,Male,54,Older Adults,Beauty,1,25,25,1.25,,
231,1/4/2023,Jan,Wed,2023,CUST231,Female,23,Adolescents,Clothing,3,50,150,2.5,,
232,2/6/2023,Feb,Mon,2023,CUST232,Female,43,Adult,Beauty,1,25,25,1.25,,
233,12/29/2023,Dec,Fri,2023,CUST233,Female,51,Older Adults,Beauty,2,300,600,15,,
234,11/20/2023,Nov,Mon,2023,CUST234,Female,62,Older Adults,Electronics,2,25,50,1.25,,
235,1/31/2023,Jan,Tue,2023,CUST235,Female,23,Adolescents,Electronics,2,500,1000,25,,
236,4/28/2023,Apr,Fri,2023,CUST236,Female,54,Older Adults,Clothing,1,25,25,1.25,,
237,2/4/2023,Feb,Sat,2023,CUST237,Female,50,Older Adults,Beauty,2,500,1000,25,,
238,1/17/2023,Jan,Tue,2023,CUST238,Female,39,Adult,Beauty,1,500,500,25,,
239,6/19/2023,Jun,Mon,2023,CUST239,Male,38,Adult,Electronics,3,500,1500,25,,
240,2/6/2023,Feb,Mon,2023,CUST240,Female,23,Adolescents,Beauty,1,300,300,15,,
241,9/21/2023,Sep,Thu,2023,CUST241,Female,23,Adolescents,Electronics,3,25,75,1.25,,
242,5/2/2023,May,Tue,2023,CUST242,Male,21,Adolescents,Clothing,1,25,25,1.25,,
243,5/23/2023,May,Tue,2023,CUST243,Female,47,Adult,Electronics,3,300,900,15,,
244,12/9/2023,Dec,Sat,2023,CUST244,Male,28,Adult,Beauty,2,50,100,2.5,,
245,9/6/2023,Sep,Wed,2023,CUST245,Male,47,Adult,Clothing,3,30,90,1.5,,
246,4/20/2023,Apr,Thu,2023,CUST246,Female,48,Adult,Electronics,2,25,50,1.25,,
247,10/4/2023,Oct,Wed,2023,CUST247,Male,41,Adult,Electronics,2,30,60,1.5,,
248,3/9/2023,Mar,Thu,2023,CUST248,Male,26,Adult,Clothing,3,300,900,15,,
249,10/20/2023,Oct,Fri,2023,CUST249,Male,20,Adolescents,Clothing,1,50,50,2.5,,
250,10/23/2023,Oct,Mon,2023,CUST250,Male,48,Adult,Electronics,1,50,50,2.5,,
251,8/31/2023,Aug,Thu,2023,CUST251,Female,57,Older Adults,Beauty,4,50,200,2.5,,
252,5/5/2023,May,Fri,2023,CUST252,Male,54,Older Adults,Electronics,1,300,300,15,,
253,8/31/2023,Aug,Thu,2023,CUST253,Female,53,Older Adults,Clothing,4,500,2000,25,,
254,7/28/2023,Jul,Fri,2023,CUST254,Male,41,Adult,Electronics,1,500,500,25,,
255,4/8/2023,Apr,Sat,2023,CUST255,Male,48,Adult,Clothing,1,30,30,1.5,,
256,2/18/2023,Feb,Sat,2023,CUST256,Male,23,Adolescents,Clothing,2,500,1000,25,,
257,2/19/2023,Feb,Sun,2023,CUST257,Male,19,Adolescents,Beauty,4,500,2000,25,,
258,12/4/2023,Dec,Mon,2023,CUST258,Female,37,Adult,Clothing,1,50,50,2.5,,
259,8/9/2023,Aug,Wed,2023,CUST259,Female,45,Adult,Clothing,4,50,200,2.5,,
260,7/1/2023,Jul,Sat,2023,CUST260,Male,28,Adult,Beauty,2,30,60,1.5,,
261,8/5/2023,Aug,Sat,2023,CUST261,Male,21,Adolescents,Clothing,2,25,50,1.25,,
262,7/30/2023,Jul,Sun,2023,CUST262,Female,32,Adult,Beauty,4,30,120,1.5,,
263,8/28/2023,Aug,Mon,2023,CUST263,Male,23,Adolescents,Beauty,2,30,60,1.5,,
264,1/28/2023,Jan,Sat,2023,CUST264,Male,47,Adult,Clothing,3,300,900,15,,
265,12/11/2023,Dec,Mon,2023,CUST265,Male,55,Older Adults,Clothing,3,300,900,15,,
266,12/1/2023,Dec,Fri,2023,CUST266,Female,19,Adolescents,Electronics,2,30,60,1.5,,
267,11/27/2023,Nov,Mon,2023,CUST267,Female,32,Adult,Beauty,3,30,90,1.5,,
268,2/20/2023,Feb,Mon,2023,CUST268,Female,28,Adult,Electronics,1,30,30,1.5,,
269,2/1/2023,Feb,Wed,2023,CUST269,Male,25,Adolescents,Clothing,4,500,2000,25,,
270,7/26/2023,Jul,Wed,2023,CUST270,Male,43,Adult,Electronics,1,300,300,15,,
271,6/23/2023,Jun,Fri,2023,CUST271,Female,62,Older Adults,Beauty,4,30,120,1.5,,
272,2/25/2023,Feb,Sat,2023,CUST272,Female,61,Older Adults,Electronics,2,50,100,2.5,,
273,5/8/2023,May,Mon,2023,CUST273,Female,22,Adolescents,Beauty,1,50,50,2.5,,
274,4/9/2023,Apr,Sun,2023,CUST274,Female,23,Adolescents,Clothing,2,500,1000,25,,
275,4/8/2023,Apr,Sat,2023,CUST275,Male,43,Adult,Clothing,2,500,1000,25,,
276,10/2/2023,Oct,Mon,2023,CUST276,Female,21,Adolescents,Beauty,4,25,100,1.25,,
277,8/18/2023,Aug,Fri,2023,CUST277,Male,36,Adult,Clothing,4,25,100,1.25,,
278,3/13/2023,Mar,Mon,2023,CUST278,Female,37,Adult,Clothing,4,25,100,1.25,,
279,8/5/2023,Aug,Sat,2023,CUST279,Male,50,Older Adults,Clothing,1,500,500,25,,
280,4/4/2023,Apr,Tue,2023,CUST280,Female,37,Adult,Clothing,3,500,1500,25,,
281,5/23/2023,May,Tue,2023,CUST281,Female,29,Adult,Beauty,4,500,2000,25,,
282,8/25/2023,Aug,Fri,2023,CUST282,Female,64,Older Adults,Electronics,4,50,200,2.5,,
283,5/8/2023,May,Mon,2023,CUST283,Female,18,Adolescents,Electronics,1,500,500,25,,
284,2/8/2023,Feb,Wed,2023,CUST284,Male,43,Adult,Clothing,4,50,200,2.5,,
285,8/15/2023,Aug,Tue,2023,CUST285,Female,31,Adult,Electronics,1,25,25,1.25,,
286,10/9/2023,Oct,Mon,2023,CUST286,Male,55,Older Adults,Electronics,2,25,50,1.25,,
287,2/20/2023,Feb,Mon,2023,CUST287,Male,54,Older Adults,Clothing,4,25,100,1.25,,
288,1/26/2023,Jan,Thu,2023,CUST288,Male,28,Adult,Clothing,4,30,120,1.5,,
289,11/30/2023,Nov,Thu,2023,CUST289,Male,53,Older Adults,Electronics,2,30,60,1.5,,
290,10/4/2023,Oct,Wed,2023,CUST290,Female,30,Adult,Beauty,2,300,600,15,,
291,1/8/2023,Jan,Sun,2023,CUST291,Male,60,Older Adults,Clothing,2,300,600,15,,
292,2/17/2023,Feb,Fri,2023,CUST292,Male,20,Adolescents,Beauty,4,300,1200,15,,
293,5/2/2023,May,Tue,2023,CUST293,Male,50,Older Adults,Electronics,3,30,90,1.5,,
294,3/27/2023,Mar,Mon,2023,CUST294,Female,23,Adolescents,Clothing,3,30,90,1.5,,
295,7/28/2023,Jul,Fri,2023,CUST295,Female,27,Adult,Beauty,3,300,900,15,,
296,9/6/2023,Sep,Wed,2023,CUST296,Female,22,Adolescents,Clothing,4,300,1200,15,,
297,9/4/2023,Sep,Mon,2023,CUST297,Female,40,Adult,Electronics,2,500,1000,25,,
298,4/20/2023,Apr,Thu,2023,CUST298,Male,27,Adult,Beauty,4,300,1200,15,,
299,7/25/2023,Jul,Tue,2023,CUST299,Male,61,Older Adults,Electronics,2,500,1000,25,,
300,1/31/2023,Jan,Tue,2023,CUST300,Female,19,Adolescents,Electronics,4,50,200,2.5,,
301,3/26/2023,Mar,Sun,2023,CUST301,Male,30,Adult,Clothing,4,30,120,1.5,,
302,7/14/2023,Jul,Fri,2023,CUST302,Male,57,Older Adults,Beauty,2,300,600,15,,
303,1/2/2023,Jan,Mon,2023,CUST303,Male,19,Adolescents,Electronics,3,30,90,1.5,,
304,7/19/2023,Jul,Wed,2023,CUST304,Female,37,Adult,Electronics,2,30,60,1.5,,
305,5/16/2023,May,Tue,2023,CUST305,Female,18,Adolescents,Beauty,1,30,30,1.5,,
306,8/21/2023,Aug,Mon,2023,CUST306,Male,54,Older Adults,Electronics,1,50,50,2.5,,
307,5/27/2023,May,Sat,2023,CUST307,Female,26,Adult,Electronics,2,25,50,1.25,,
308,8/5/2023,Aug,Sat,2023,CUST308,Female,34,Adult,Beauty,4,300,1200,15,,
309,12/23/2023,Dec,Sat,2023,CUST309,Female,26,Adult,Beauty,1,25,25,1.25,,
310,10/12/2023,Oct,Thu,2023,CUST310,Female,28,Adult,Beauty,1,25,25,1.25,,
311,12/5/2023,Dec,Tue,2023,CUST311,Female,32,Adult,Beauty,4,25,100,1.25,,
312,9/7/2023,Sep,Thu,2023,CUST312,Male,41,Adult,Clothing,4,30,120,1.5,,
313,3/21/2023,Mar,Tue,2023,CUST313,Female,55,Older Adults,Beauty,3,500,1500,25,,
314,4/8/2023,Apr,Sat,2023,CUST314,Male,52,Older Adults,Clothing,4,30,120,1.5,,
315,6/1/2023,Jun,Thu,2023,CUST315,Male,47,Adult,Clothing,2,30,60,1.5,,
316,4/22/2023,Apr,Sat,2023,CUST316,Female,48,Adult,Clothing,2,25,50,1.25,,
317,1/30/2023,Jan,Mon,2023,CUST317,Male,22,Adolescents,Electronics,3,30,90,1.5,,
318,10/24/2023,Oct,Tue,2023,CUST318,Male,61,Older Adults,Clothing,1,25,25,1.25,,
319,10/5/2023,Oct,Thu,2023,CUST319,Male,31,Adult,Clothing,1,500,500,25,,
320,2/1/2023,Feb,Wed,2023,CUST320,Female,28,Adult,Electronics,4,300,1200,15,,
321,6/10/2023,Jun,Sat,2023,CUST321,Female,26,Adult,Electronics,2,25,50,1.25,,
322,1/30/2023,Jan,Mon,2023,CUST322,Male,51,Older Adults,Electronics,1,500,500,25,,
323,1/26/2023,Jan,Thu,2023,CUST323,Female,29,Adult,Beauty,3,300,900,15,,
324,10/27/2023,Oct,Fri,2023,CUST324,Female,52,Older Adults,Electronics,3,50,150,2.5,,
325,9/2/2023,Sep,Sat,2023,CUST325,Female,52,Older Adults,Electronics,2,25,50,1.25,,
326,9/15/2023,Sep,Fri,2023,CUST326,Female,18,Adolescents,Clothing,3,25,75,1.25,,
327,9/29/2023,Sep,Fri,2023,CUST327,Male,57,Older Adults,Electronics,3,50,150,2.5,,
328,3/22/2023,Mar,Wed,2023,CUST328,Male,39,Adult,Beauty,2,50,100,2.5,,
329,1/30/2023,Jan,Mon,2023,CUST329,Female,46,Adult,Electronics,4,25,100,1.25,,
330,9/18/2023,Sep,Mon,2023,CUST330,Female,25,Adolescents,Beauty,4,50,200,2.5,,
331,2/11/2023,Feb,Sat,2023,CUST331,Male,28,Adult,Electronics,3,30,90,1.5,,
332,4/6/2023,Apr,Thu,2023,CUST332,Male,58,Older Adults,Electronics,4,300,1200,15,,
333,2/5/2023,Feb,Sun,2023,CUST333,Female,54,Older Adults,Electronics,4,300,1200,15,,
334,11/1/2023,Nov,Wed,2023,CUST334,Male,31,Adult,Electronics,3,300,900,15,,
335,2/4/2023,Feb,Sat,2023,CUST335,Female,47,Adult,Beauty,4,30,120,1.5,,
336,12/12/2023,Dec,Tue,2023,CUST336,Female,52,Older Adults,Beauty,3,50,150,2.5,,
337,5/1/2023,May,Mon,2023,CUST337,Male,38,Adult,Clothing,1,500,500,25,,
338,7/26/2023,Jul,Wed,2023,CUST338,Male,54,Older Adults,Beauty,2,50,100,2.5,,
339,3/3/2023,Mar,Fri,2023,CUST339,Female,22,Adolescents,Electronics,2,25,50,1.25,,
340,10/19/2023,Oct,Thu,2023,CUST340,Female,36,Adult,Clothing,4,300,1200,15,,
341,5/7/2023,May,Sun,2023,CUST341,Male,31,Adult,Clothing,4,50,200,2.5,,
342,10/24/2023,Oct,Tue,2023,CUST342,Female,43,Adult,Clothing,4,500,2000,25,,
343,11/1/2023,Nov,Wed,2023,CUST343,Male,21,Adolescents,Electronics,2,25,50,1.25,,
344,1/21/2023,Jan,Sat,2023,CUST344,Female,42,Adult,Beauty,1,30,30,1.5,,
345,11/14/2023,Nov,Tue,2023,CUST345,Male,62,Older Adults,Electronics,1,30,30,1.5,,
346,2/11/2023,Feb,Sat,2023,CUST346,Male,59,Older Adults,Clothing,2,500,1000,25,,
347,8/3/2023,Aug,Thu,2023,CUST347,Male,42,Adult,Electronics,1,25,25,1.25,,
348,12/3/2023,Dec,Sun,2023,CUST348,Female,35,Adult,Electronics,2,300,600,15,,
349,10/26/2023,Oct,Thu,2023,CUST349,Female,57,Older Adults,Beauty,1,50,50,2.5,,
350,10/17/2023,Oct,Tue,2023,CUST350,Male,25,Adolescents,Beauty,3,25,75,1.25,,
351,9/25/2023,Sep,Mon,2023,CUST351,Female,56,Older Adults,Clothing,3,30,90,1.5,,
352,6/11/2023,Jun,Sun,2023,CUST352,Male,57,Older Adults,Electronics,2,500,1000,25,,
353,5/14/2023,May,Sun,2023,CUST353,Male,31,Adult,Electronics,1,500,500,25,,
354,4/15/2023,Apr,Sat,2023,CUST354,Female,49,Adult,Beauty,4,50,200,2.5,,
355,12/9/2023,Dec,Sat,2023,CUST355,Female,55,Older Adults,Electronics,1,500,500,25,,
356,6/10/2023,Jun,Sat,2023,CUST356,Male,50,Older Adults,Electronics,3,500,1500,25,,
357,5/3/2023,May,Wed,2023,CUST357,Female,40,Adult,Electronics,3,25,75,1.25,,
358,5/16/2023,May,Tue,2023,CUST358,Female,32,Adult,Beauty,1,300,300,15,,
359,7/22/2023,Jul,Sat,2023,CUST359,Male,50,Older Adults,Clothing,1,50,50,2.5,,
360,3/9/2023,Mar,Thu,2023,CUST360,Male,42,Adult,Clothing,4,25,100,1.25,,
361,12/10/2023,Dec,Sun,2023,CUST361,Female,34,Adult,Electronics,4,300,1200,15,,
362,11/27/2023,Nov,Mon,2023,CUST362,Male,50,Older Adults,Clothing,1,25,25,1.25,,
363,6/3/2023,Jun,Sat,2023,CUST363,Male,64,Older Adults,Beauty,1,25,25,1.25,,
364,8/23/2023,Aug,Wed,2023,CUST364,Female,19,Adolescents,Beauty,1,500,500,25,,
365,6/11/2023,Jun,Sun,2023,CUST365,Male,31,Adult,Clothing,1,300,300,15,,
366,2/7/2023,Feb,Tue,2023,CUST366,Male,57,Older Adults,Clothing,2,50,100,2.5,,
367,1/5/2023,Jan,Thu,2023,CUST367,Female,57,Older Adults,Electronics,1,50,50,2.5,,
368,8/23/2023,Aug,Wed,2023,CUST368,Female,56,Older Adults,Clothing,4,300,1200,15,,
369,11/15/2023,Nov,Wed,2023,CUST369,Male,23,Adolescents,Electronics,3,500,1500,25,,
370,10/16/2023,Oct,Mon,2023,CUST370,Male,23,Adolescents,Electronics,2,30,60,1.5,,
371,2/21/2023,Feb,Tue,2023,CUST371,Female,20,Adolescents,Beauty,1,25,25,1.25,,
372,2/7/2023,Feb,Tue,2023,CUST372,Female,24,Adolescents,Beauty,3,500,1500,25,,
373,10/3/2023,Oct,Tue,2023,CUST373,Female,25,Adolescents,Beauty,2,300,600,15,,
374,4/20/2023,Apr,Thu,2023,CUST374,Female,59,Older Adults,Beauty,3,25,75,1.25,,
375,9/17/2023,Sep,Sun,2023,CUST375,Male,32,Adult,Clothing,1,50,50,2.5,,
376,5/16/2023,May,Tue,2023,CUST376,Female,64,Older Adults,Beauty,1,30,30,1.5,,
377,3/9/2023,Mar,Thu,2023,CUST377,Female,46,Adult,Clothing,4,50,200,2.5,,
378,6/28/2023,Jun,Wed,2023,CUST378,Male,50,Older Adults,Beauty,1,300,300,15,,
379,2/5/2023,Feb,Sun,2023,CUST379,Female,47,Adult,Clothing,1,25,25,1.25,,
380,5/6/2023,May,Sat,2023,CUST380,Male,56,Older Adults,Electronics,2,300,600,15,,
381,7/9/2023,Jul,Sun,2023,CUST381,Female,44,Adult,Clothing,4,25,100,1.25,,
382,5/26/2023,May,Fri,2023,CUST382,Female,53,Older Adults,Clothing,2,500,1000,25,,
383,3/22/2023,Mar,Wed,2023,CUST383,Female,46,Adult,Beauty,3,30,90,1.5,,
384,8/13/2023,Aug,Sun,2023,CUST384,Male,55,Older Adults,Clothing,1,500,500,25,,
385,10/6/2023,Oct,Fri,2023,CUST385,Male,50,Older Adults,Electronics,3,500,1500,25,,
386,12/27/2023,Dec,Wed,2023,CUST386,Female,54,Older Adults,Electronics,2,300,600,15,,
387,6/4/2023,Jun,Sun,2023,CUST387,Male,44,Adult,Beauty,1,30,30,1.5,,
388,11/10/2023,Nov,Fri,2023,CUST388,Male,50,Older Adults,Electronics,1,25,25,1.25,,
389,12/1/2023,Dec,Fri,2023,CUST389,Male,21,Adolescents,Clothing,2,25,50,1.25,,
390,9/28/2023,Sep,Thu,2023,CUST390,Male,39,Adult,Electronics,2,50,100,2.5,,
391,1/5/2023,Jan,Thu,2023,CUST391,Male,19,Adolescents,Beauty,2,25,50,1.25,,
392,12/8/2023,Dec,Fri,2023,CUST392,Male,27,Adult,Clothing,2,300,600,15,,
393,10/11/2023,Oct,Wed,2023,CUST393,Female,22,Adolescents,Beauty,2,500,1000,25,,
394,6/3/2023,Jun,Sat,2023,CUST394,Female,27,Adult,Clothing,1,500,500,25,,
395,12/6/2023,Dec,Wed,2023,CUST395,Male,50,Older Adults,Electronics,2,500,1000,25,,
396,2/23/2023,Feb,Thu,2023,CUST396,Female,55,Older Adults,Beauty,1,30,30,1.5,,
397,3/10/2023,Mar,Fri,2023,CUST397,Female,30,Adult,Beauty,1,25,25,1.25,,
398,5/16/2023,May,Tue,2023,CUST398,Female,48,Adult,Clothing,2,300,600,15,,
399,3/1/2023,Mar,Wed,2023,CUST399,Female,64,Older Adults,Beauty,2,30,60,1.5,,
400,2/24/2023,Feb,Fri,2023,CUST400,Male,53,Older Adults,Clothing,4,50,200,2.5,,
401,10/11/2023,Oct,Wed,2023,CUST401,Female,62,Older Adults,Clothing,1,300,300,15,,
402,3/21/2023,Mar,Tue,2023,CUST402,Female,41,Adult,Clothing,2,300,600,15,,
403,5/20/2023,May,Sat,2023,CUST403,Male,32,Adult,Clothing,2,300,600,15,,
404,5/25/2023,May,Thu,2023,CUST404,Male,46,Adult,Electronics,2,500,1000,25,,
405,11/6/2023,Nov,Mon,2023,CUST405,Female,25,Adolescents,Clothing,4,300,1200,15,,
406,4/18/2023,Apr,Tue,2023,CUST406,Female,22,Adolescents,Beauty,4,25,100,1.25,,
407,6/25/2023,Jun,Sun,2023,CUST407,Female,46,Adult,Electronics,3,300,900,15,,
408,4/15/2023,Apr,Sat,2023,CUST408,Female,64,Older Adults,Beauty,1,500,500,25,,
409,12/18/2023,Dec,Mon,2023,CUST409,Female,21,Adolescents,Electronics,3,300,900,15,,
410,11/21/2023,Nov,Tue,2023,CUST410,Female,29,Adult,Clothing,2,50,100,2.5,,
411,5/16/2023,May,Tue,2023,CUST411,Male,62,Older Adults,Electronics,4,50,200,2.5,,
412,9/16/2023,Sep,Sat,2023,CUST412,Female,19,Adolescents,Electronics,4,500,2000,25,,
413,9/8/2023,Sep,Fri,2023,CUST413,Female,44,Adult,Beauty,3,25,75,1.25,,
414,5/9/2023,May,Tue,2023,CUST414,Male,48,Adult,Beauty,4,25,100,1.25,,
415,1/27/2023,Jan,Fri,2023,CUST415,Male,53,Older Adults,Clothing,2,30,60,1.5,,
416,2/17/2023,Feb,Fri,2023,CUST416,Male,53,Older Adults,Electronics,4,500,2000,25,,
417,11/21/2023,Nov,Tue,2023,CUST417,Male,43,Adult,Electronics,3,300,900,15,,
418,8/5/2023,Aug,Sat,2023,CUST418,Female,60,Older Adults,Electronics,2,500,1000,25,,
419,5/22/2023,May,Mon,2023,CUST419,Female,44,Adult,Clothing,3,30,90,1.5,,
420,1/23/2023,Jan,Mon,2023,CUST420,Female,22,Adolescents,Clothing,4,500,2000,25,,
421,1/2/2023,Jan,Mon,2023,CUST421,Female,37,Adult,Clothing,3,500,1500,25,,
422,6/20/2023,Jun,Tue,2023,CUST422,Female,28,Adult,Clothing,3,30,90,1.5,,
423,3/8/2023,Mar,Wed,2023,CUST423,Female,27,Adult,Clothing,1,25,25,1.25,,
424,11/23/2023,Nov,Thu,2023,CUST424,Male,57,Older Adults,Beauty,4,300,1200,15,,
425,5/15/2023,May,Mon,2023,CUST425,Female,55,Older Adults,Electronics,4,30,120,1.5,,
426,3/24/2023,Mar,Fri,2023,CUST426,Male,23,Adolescents,Electronics,3,50,150,2.5,,
427,8/15/2023,Aug,Tue,2023,CUST427,Male,25,Adolescents,Electronics,1,25,25,1.25,,
428,10/10/2023,Oct,Tue,2023,CUST428,Female,40,Adult,Electronics,4,50,200,2.5,,
429,12/28/2023,Dec,Thu,2023,CUST429,Male,64,Older Adults,Electronics,2,25,50,1.25,,
430,8/7/2023,Aug,Mon,2023,CUST430,Female,43,Adult,Electronics,3,300,900,15,,
431,10/15/2023,Oct,Sun,2023,CUST431,Male,63,Older Adults,Electronics,4,300,1200,15,,
432,1/5/2023,Jan,Thu,2023,CUST432,Female,60,Older Adults,Electronics,2,500,1000,25,,
433,2/27/2023,Feb,Mon,2023,CUST433,Male,29,Adult,Beauty,4,50,200,2.5,,
434,2/8/2023,Feb,Wed,2023,CUST434,Female,43,Adult,Electronics,2,25,50,1.25,,
435,12/20/2023,Dec,Wed,2023,CUST435,Female,30,Adult,Beauty,3,300,900,15,,
436,3/18/2023,Mar,Sat,2023,CUST436,Female,57,Older Adults,Clothing,4,30,120,1.5,,
437,10/7/2023,Oct,Sat,2023,CUST437,Female,35,Adult,Electronics,4,300,1200,15,,
438,1/19/2023,Jan,Thu,2023,CUST438,Female,42,Adult,Clothing,1,30,30,1.5,,
439,7/9/2023,Jul,Sun,2023,CUST439,Male,50,Older Adults,Clothing,3,25,75,1.25,,
440,10/26/2023,Oct,Thu,2023,CUST440,Male,64,Older Adults,Clothing,2,300,600,15,,
441,10/10/2023,Oct,Tue,2023,CUST441,Male,57,Older Adults,Beauty,4,300,1200,15,,
442,3/17/2023,Mar,Fri,2023,CUST442,Female,60,Older Adults,Clothing,4,25,100,1.25,,
443,8/9/2023,Aug,Wed,2023,CUST443,Male,29,Adult,Clothing,2,300,600,15,,
444,3/7/2023,Mar,Tue,2023,CUST444,Female,61,Older Adults,Clothing,3,30,90,1.5,,
445,1/22/2023,Jan,Sun,2023,CUST445,Female,53,Older Adults,Electronics,1,300,300,15,,
446,6/7/2023,Jun,Wed,2023,CUST446,Male,21,Adolescents,Electronics,1,50,50,2.5,,
447,7/6/2023,Jul,Thu,2023,CUST447,Male,22,Adolescents,Beauty,4,500,2000,25,,
448,1/21/2023,Jan,Sat,2023,CUST448,Female,54,Older Adults,Beauty,2,30,60,1.5,,
449,7/3/2023,Jul,Mon,2023,CUST449,Male,25,Adolescents,Electronics,4,50,200,2.5,,
450,4/18/2023,Apr,Tue,2023,CUST450,Female,59,Older Adults,Beauty,2,25,50,1.25,,
451,12/16/2023,Dec,Sat,2023,CUST451,Female,45,Adult,Electronics,1,30,30,1.5,,
452,5/8/2023,May,Mon,2023,CUST452,Female,48,Adult,Clothing,3,500,1500,25,,
453,12/8/2023,Dec,Fri,2023,CUST453,Female,26,Adult,Clothing,2,500,1000,25,,
454,2/22/2023,Feb,Wed,2023,CUST454,Female,46,Adult,Beauty,1,25,25,1.25,,
455,7/1/2023,Jul,Sat,2023,CUST455,Male,31,Adult,Electronics,4,25,100,1.25,,
456,10/14/2023,Oct,Sat,2023,CUST456,Male,57,Older Adults,Electronics,2,30,60,1.5,,
457,7/28/2023,Jul,Fri,2023,CUST457,Female,58,Older Adults,Beauty,3,300,900,15,,
458,11/14/2023,Nov,Tue,2023,CUST458,Female,39,Adult,Electronics,4,25,100,1.25,,
459,3/21/2023,Mar,Tue,2023,CUST459,Male,28,Adult,Clothing,4,300,1200,15,,
460,5/2/2023,May,Tue,2023,CUST460,Male,40,Adult,Beauty,1,50,50,2.5,,
461,3/25/2023,Mar,Sat,2023,CUST461,Female,18,Adolescents,Beauty,2,500,1000,25,,
462,4/1/2023,Apr,Sat,2023,CUST462,Male,63,Older Adults,Electronics,4,300,1200,15,,
463,7/31/2023,Jul,Mon,2023,CUST463,Female,54,Older Adults,Beauty,3,500,1500,25,,
464,1/13/2023,Jan,Fri,2023,CUST464,Male,38,Adult,Electronics,2,300,600,15,,
465,4/2/2023,Apr,Sun,2023,CUST465,Female,43,Adult,Electronics,3,50,150,2.5,,
466,6/20/2023,Jun,Tue,2023,CUST466,Male,63,Older Adults,Electronics,4,25,100,1.25,,
467,7/30/2023,Jul,Sun,2023,CUST467,Female,53,Older Adults,Electronics,3,50,150,2.5,,
468,12/9/2023,Dec,Sat,2023,CUST468,Male,40,Adult,Electronics,1,25,25,1.25,,
469,5/8/2023,May,Mon,2023,CUST469,Male,18,Adolescents,Beauty,3,25,75,1.25,,
470,5/17/2023,May,Wed,2023,CUST470,Female,57,Older Adults,Clothing,2,500,1000,25,,
471,3/23/2023,Mar,Thu,2023,CUST471,Male,32,Adult,Clothing,3,50,150,2.5,,
472,12/26/2023,Dec,Tue,2023,CUST472,Female,38,Adult,Beauty,3,300,900,15,,
473,2/25/2023,Feb,Sat,2023,CUST473,Male,64,Older Adults,Beauty,1,50,50,2.5,,
474,7/15/2023,Jul,Sat,2023,CUST474,Female,26,Adult,Clothing,3,500,1500,25,,
475,1/20/2023,Jan,Fri,2023,CUST475,Male,26,Adult,Clothing,3,25,75,1.25,,
476,8/29/2023,Aug,Tue,2023,CUST476,Female,27,Adult,Clothing,4,500,2000,25,,
477,4/24/2023,Apr,Mon,2023,CUST477,Male,43,Adult,Clothing,4,30,120,1.5,,
478,4/13/2023,Apr,Thu,2023,CUST478,Female,58,Older Adults,Clothing,2,30,60,1.5,,
479,8/24/2023,Aug,Thu,2023,CUST479,Male,52,Older Adults,Electronics,4,300,1200,15,,
480,6/29/2023,Jun,Thu,2023,CUST480,Female,42,Adult,Beauty,4,500,2000,25,,
481,6/6/2023,Jun,Tue,2023,CUST481,Female,43,Adult,Electronics,4,300,1200,15,,
482,4/27/2023,Apr,Thu,2023,CUST482,Female,28,Adult,Clothing,4,300,1200,15,,
483,4/25/2023,Apr,Tue,2023,CUST483,Male,55,Older Adults,Clothing,1,30,30,1.5,,
484,1/13/2023,Jan,Fri,2023,CUST484,Female,19,Adolescents,Clothing,4,300,1200,15,,
485,12/4/2023,Dec,Mon,2023,CUST485,Male,24,Adolescents,Electronics,1,30,30,1.5,,
486,4/9/2023,Apr,Sun,2023,CUST486,Female,35,Adult,Electronics,1,25,25,1.25,,
487,7/24/2023,Jul,Mon,2023,CUST487,Male,44,Adult,Clothing,4,500,2000,25,,
488,6/18/2023,Jun,Sun,2023,CUST488,Female,51,Older Adults,Electronics,3,300,900,15,,
489,5/23/2023,May,Tue,2023,CUST489,Male,44,Adult,Electronics,1,30,30,1.5,,
490,2/5/2023,Feb,Sun,2023,CUST490,Male,34,Adult,Clothing,3,50,150,2.5,,
491,5/23/2023,May,Tue,2023,CUST491,Female,60,Older Adults,Electronics,3,300,900,15,,
492,6/29/2023,Jun,Thu,2023,CUST492,Male,61,Older Adults,Beauty,4,25,100,1.25,,
493,11/25/2023,Nov,Sat,2023,CUST493,Male,41,Adult,Beauty,2,25,50,1.25,,
494,9/18/2023,Sep,Mon,2023,CUST494,Female,42,Adult,Beauty,4,50,200,2.5,,
495,7/24/2023,Jul,Mon,2023,CUST495,Male,24,Adolescents,Beauty,2,30,60,1.5,,
496,12/14/2023,Dec,Thu,2023,CUST496,Male,23,Adolescents,Clothing,2,300,600,15,,
497,10/2/2023,Oct,Mon,2023,CUST497,Male,41,Adult,Clothing,4,30,120,1.5,,
498,6/19/2023,Jun,Mon,2023,CUST498,Female,50,Older Adults,Clothing,4,25,100,1.25,,
499,1/15/2023,Jan,Sun,2023,CUST499,Male,46,Adult,Beauty,2,30,60,1.5,,
500,3/1/2023,Mar,Wed,2023,CUST500,Female,60,Older Adults,Beauty,4,25,100,1.25,,
501,5/14/2023,May,Sun,2023,CUST501,Male,39,Adult,Electronics,2,30,60,1.5,,
502,4/2/2023,Apr,Sun,2023,CUST502,Male,43,Adult,Electronics,3,50,150,2.5,,
503,10/25/2023,Oct,Wed,2023,CUST503,Male,45,Adult,Beauty,4,500,2000,25,,
504,5/16/2023,May,Tue,2023,CUST504,Female,38,Adult,Beauty,3,50,150,2.5,,
505,1/20/2023,Jan,Fri,2023,CUST505,Male,24,Adolescents,Beauty,1,50,50,2.5,,
506,2/25/2023,Feb,Sat,2023,CUST506,Male,34,Adult,Beauty,3,500,1500,25,,
507,11/2/2023,Nov,Thu,2023,CUST507,Female,37,Adult,Electronics,3,500,1500,25,,
508,8/11/2023,Aug,Fri,2023,CUST508,Male,58,Older Adults,Beauty,2,300,600,15,,
509,6/26/2023,Jun,Mon,2023,CUST509,Female,37,Adult,Electronics,3,300,900,15,,
510,6/10/2023,Jun,Sat,2023,CUST510,Female,39,Adult,Beauty,4,50,200,2.5,,
511,8/12/2023,Aug,Sat,2023,CUST511,Male,45,Adult,Beauty,2,50,100,2.5,,
512,11/7/2023,Nov,Tue,2023,CUST512,Female,57,Older Adults,Beauty,1,25,25,1.25,,
513,9/19/2023,Sep,Tue,2023,CUST513,Male,24,Adolescents,Electronics,4,25,100,1.25,,
514,3/1/2023,Mar,Wed,2023,CUST514,Female,18,Adolescents,Electronics,1,300,300,15,,
515,7/17/2023,Jul,Mon,2023,CUST515,Female,49,Adult,Clothing,3,300,900,15,,
516,10/23/2023,Oct,Mon,2023,CUST516,Male,30,Adult,Beauty,4,25,100,1.25,,
517,4/8/2023,Apr,Sat,2023,CUST517,Female,47,Adult,Clothing,4,25,100,1.25,,
518,5/11/2023,May,Thu,2023,CUST518,Female,40,Adult,Clothing,1,30,30,1.5,,
519,1/23/2023,Jan,Mon,2023,CUST519,Female,36,Adult,Electronics,4,30,120,1.5,,
520,12/29/2023,Dec,Fri,2023,CUST520,Female,49,Adult,Electronics,4,25,100,1.25,,
521,8/12/2023,Aug,Sat,2023,CUST521,Female,47,Adult,Clothing,4,30,120,1.5,,
522,1/1/2023,Jan,Sun,2023,CUST522,Male,46,Adult,Beauty,3,500,1500,25,,
523,9/24/2023,Sep,Sun,2023,CUST523,Female,62,Older Adults,Electronics,1,300,300,15,,
524,10/3/2023,Oct,Tue,2023,CUST524,Male,46,Adult,Beauty,4,300,1200,15,,
525,12/18/2023,Dec,Mon,2023,CUST525,Female,47,Adult,Beauty,2,25,50,1.25,,
526,12/10/2023,Dec,Sun,2023,CUST526,Male,33,Adult,Clothing,2,50,100,2.5,,
527,4/11/2023,Apr,Tue,2023,CUST527,Male,57,Older Adults,Clothing,2,25,50,1.25,,
528,7/6/2023,Jul,Thu,2023,CUST528,Female,36,Adult,Clothing,2,30,60,1.5,,
529,8/9/2023,Aug,Wed,2023,CUST529,Female,35,Adult,Clothing,3,50,150,2.5,,
530,2/5/2023,Feb,Sun,2023,CUST530,Female,18,Adolescents,Electronics,4,30,120,1.5,,
531,12/7/2023,Dec,Thu,2023,CUST531,Male,31,Adult,Electronics,1,500,500,25,,
532,6/19/2023,Jun,Mon,2023,CUST532,Female,64,Older Adults,Clothing,4,30,120,1.5,,
533,11/16/2023,Nov,Thu,2023,CUST533,Male,19,Adolescents,Electronics,3,500,1500,25,,
534,6/10/2023,Jun,Sat,2023,CUST534,Male,45,Adult,Clothing,2,500,1000,25,,
535,12/6/2023,Dec,Wed,2023,CUST535,Male,47,Adult,Beauty,3,30,90,1.5,,
536,3/5/2023,Mar,Sun,2023,CUST536,Female,55,Older Adults,Beauty,4,30,120,1.5,,
537,6/3/2023,Jun,Sat,2023,CUST537,Female,21,Adolescents,Beauty,1,500,500,25,,
538,9/17/2023,Sep,Sun,2023,CUST538,Male,18,Adolescents,Clothing,3,50,150,2.5,,
539,6/8/2023,Jun,Thu,2023,CUST539,Male,25,Adolescents,Beauty,1,500,500,25,,
540,12/8/2023,Dec,Fri,2023,CUST540,Female,46,Adult,Electronics,3,300,900,15,,
541,7/29/2023,Jul,Sat,2023,CUST541,Male,56,Older Adults,Beauty,1,500,500,25,,
542,6/17/2023,Jun,Sat,2023,CUST542,Female,20,Adolescents,Beauty,1,50,50,2.5,,
543,7/26/2023,Jul,Wed,2023,CUST543,Male,49,Adult,Beauty,2,300,600,15,,
544,12/23/2023,Dec,Sat,2023,CUST544,Female,27,Adult,Electronics,1,25,25,1.25,,
545,6/1/2023,Jun,Thu,2023,CUST545,Male,27,Adult,Clothing,2,25,50,1.25,,
546,10/11/2023,Oct,Wed,2023,CUST546,Female,36,Adult,Electronics,4,50,200,2.5,,
547,3/7/2023,Mar,Tue,2023,CUST547,Male,63,Older Adults,Clothing,4,500,2000,25,,
548,4/9/2023,Apr,Sun,2023,CUST548,Female,51,Older Adults,Clothing,2,30,60,1.5,,
549,8/4/2023,Aug,Fri,2023,CUST549,Female,50,Older Adults,Beauty,2,50,100,2.5,,
550,12/7/2023,Dec,Thu,2023,CUST550,Male,40,Adult,Clothing,3,300,900,15,,
551,7/14/2023,Jul,Fri,2023,CUST551,Male,45,Adult,Electronics,3,300,900,15,,
552,12/13/2023,Dec,Wed,2023,CUST552,Female,49,Adult,Electronics,3,25,75,1.25,,
553,3/31/2023,Mar,Fri,2023,CUST553,Male,24,Adolescents,Clothing,4,300,1200,15,,
554,11/12/2023,Nov,Sun,2023,CUST554,Female,46,Adult,Beauty,3,50,150,2.5,,
555,10/19/2023,Oct,Thu,2023,CUST555,Male,25,Adolescents,Beauty,1,300,300,15,,
556,6/4/2023,Jun,Sun,2023,CUST556,Female,18,Adolescents,Electronics,1,50,50,2.5,,
557,7/27/2023,Jul,Thu,2023,CUST557,Female,20,Adolescents,Beauty,3,30,90,1.5,,
558,10/8/2023,Oct,Sun,2023,CUST558,Female,41,Adult,Clothing,1,25,25,1.25,,
559,1/1/2023,Jan,Sun,2023,CUST559,Female,40,Adult,Clothing,4,300,1200,15,,
560,6/5/2023,Jun,Mon,2023,CUST560,Female,25,Adolescents,Electronics,1,50,50,2.5,,
561,5/27/2023,May,Sat,2023,CUST561,Female,64,Older Adults,Clothing,4,500,2000,25,,
562,4/18/2023,Apr,Tue,2023,CUST562,Male,54,Older Adults,Electronics,2,25,50,1.25,,
563,8/9/2023,Aug,Wed,2023,CUST563,Male,20,Adolescents,Clothing,2,30,60,1.5,,
564,10/24/2023,Oct,Tue,2023,CUST564,Male,50,Older Adults,Electronics,2,50,100,2.5,,
565,11/7/2023,Nov,Tue,2023,CUST565,Female,45,Adult,Beauty,2,30,60,1.5,,
566,12/2/2023,Dec,Sat,2023,CUST566,Female,64,Older Adults,Clothing,1,30,30,1.5,,
567,6/14/2023,Jun,Wed,2023,CUST567,Female,25,Adolescents,Clothing,3,300,900,15,,
568,8/27/2023,Aug,Sun,2023,CUST568,Female,51,Older Adults,Electronics,1,300,300,15,,
569,8/15/2023,Aug,Tue,2023,CUST569,Male,52,Older Adults,Electronics,4,50,200,2.5,,
570,8/15/2023,Aug,Tue,2023,CUST570,Male,49,Adult,Clothing,1,500,500,25,,
571,12/12/2023,Dec,Tue,2023,CUST571,Female,41,Adult,Electronics,1,50,50,2.5,,
572,4/20/2023,Apr,Thu,2023,CUST572,Male,31,Adult,Clothing,4,500,2000,25,,
573,9/19/2023,Sep,Tue,2023,CUST573,Male,49,Adult,Beauty,2,30,60,1.5,,
574,8/31/2023,Aug,Thu,2023,CUST574,Female,63,Older Adults,Electronics,2,25,50,1.25,,
575,3/28/2023,Mar,Tue,2023,CUST575,Male,60,Older Adults,Clothing,2,50,100,2.5,,
576,12/4/2023,Dec,Mon,2023,CUST576,Female,33,Adult,Beauty,3,50,150,2.5,,
577,2/13/2023,Feb,Mon,2023,CUST577,Male,21,Adolescents,Beauty,4,500,2000,25,,
578,5/26/2023,May,Fri,2023,CUST578,Female,54,Older Adults,Clothing,4,30,120,1.5,,
579,9/21/2023,Sep,Thu,2023,CUST579,Female,38,Adult,Electronics,1,30,30,1.5,,
580,12/6/2023,Dec,Wed,2023,CUST580,Female,31,Adult,Clothing,3,500,1500,25,,
581,11/21/2023,Nov,Tue,2023,CUST581,Female,48,Adult,Beauty,2,30,60,1.5,,
582,11/14/2023,Nov,Tue,2023,CUST582,Male,35,Adult,Clothing,3,300,900,15,,
583,6/21/2023,Jun,Wed,2023,CUST583,Female,24,Adolescents,Electronics,4,25,100,1.25,,
584,2/17/2023,Feb,Fri,2023,CUST584,Female,27,Adult,Beauty,4,50,200,2.5,,
585,5/1/2023,May,Mon,2023,CUST585,Female,24,Adolescents,Clothing,1,25,25,1.25,,
586,12/11/2023,Dec,Mon,2023,CUST586,Male,50,Older Adults,Electronics,1,50,50,2.5,,
587,6/8/2023,Jun,Thu,2023,CUST587,Female,40,Adult,Beauty,4,300,1200,15,,
588,4/26/2023,Apr,Wed,2023,CUST588,Male,38,Adult,Electronics,2,30,60,1.5,,
589,4/12/2023,Apr,Wed,2023,CUST589,Female,36,Adult,Beauty,2,500,1000,25,,
590,3/17/2023,Mar,Fri,2023,CUST590,Male,36,Adult,Clothing,3,300,900,15,,
591,1/13/2023,Jan,Fri,2023,CUST591,Male,53,Older Adults,Electronics,4,25,100,1.25,,
592,1/24/2023,Jan,Tue,2023,CUST592,Female,46,Adult,Beauty,4,500,2000,25,,
593,5/6/2023,May,Sat,2023,CUST593,Male,35,Adult,Electronics,2,30,60,1.5,,
594,9/1/2023,Sep,Fri,2023,CUST594,Female,19,Adolescents,Electronics,2,300,600,15,,
595,11/9/2023,Nov,Thu,2023,CUST595,Female,18,Adolescents,Clothing,4,500,2000,25,,
596,2/7/2023,Feb,Tue,2023,CUST596,Female,64,Older Adults,Electronics,1,300,300,15,,
597,8/22/2023,Aug,Tue,2023,CUST597,Male,22,Adolescents,Beauty,4,300,1200,15,,
598,8/1/2023,Aug,Tue,2023,CUST598,Male,37,Adult,Beauty,4,30,120,1.5,,
599,11/19/2023,Nov,Sun,2023,CUST599,Female,28,Adult,Beauty,2,50,100,2.5,,
600,10/22/2023,Oct,Sun,2023,CUST600,Female,59,Older Adults,Beauty,2,500,1000,25,,
601,4/10/2023,Apr,Mon,2023,CUST601,Male,19,Adolescents,Clothing,1,30,30,1.5,,
602,12/23/2023,Dec,Sat,2023,CUST602,Female,20,Adolescents,Electronics,1,300,300,15,,
603,7/16/2023,Jul,Sun,2023,CUST603,Female,40,Adult,Clothing,3,30,90,1.5,,
604,9/11/2023,Sep,Mon,2023,CUST604,Female,29,Adult,Electronics,4,50,200,2.5,,
605,7/24/2023,Jul,Mon,2023,CUST605,Male,37,Adult,Electronics,2,500,1000,25,,
606,5/5/2023,May,Fri,2023,CUST606,Male,22,Adolescents,Electronics,1,50,50,2.5,,
607,3/17/2023,Mar,Fri,2023,CUST607,Male,54,Older Adults,Clothing,3,25,75,1.25,,
608,12/2/2023,Dec,Sat,2023,CUST608,Female,55,Older Adults,Electronics,3,500,1500,25,,
609,12/19/2023,Dec,Tue,2023,CUST609,Female,47,Adult,Clothing,2,50,100,2.5,,
610,1/3/2023,Jan,Tue,2023,CUST610,Female,26,Adult,Beauty,2,300,600,15,,
611,2/24/2023,Feb,Fri,2023,CUST611,Male,51,Older Adults,Beauty,3,500,1500,25,,
612,8/6/2023,Aug,Sun,2023,CUST612,Female,61,Older Adults,Electronics,1,500,500,25,,
613,4/23/2023,Apr,Sun,2023,CUST613,Female,52,Older Adults,Clothing,3,30,90,1.5,,
614,4/1/2023,Apr,Sat,2023,CUST614,Female,39,Adult,Beauty,4,300,1200,15,,
615,12/23/2023,Dec,Sat,2023,CUST615,Female,61,Older Adults,Clothing,4,25,100,1.25,,
616,9/23/2023,Sep,Sat,2023,CUST616,Male,41,Adult,Clothing,2,50,100,2.5,,
617,8/26/2023,Aug,Sat,2023,CUST617,Male,34,Adult,Electronics,1,30,30,1.5,,
618,1/26/2023,Jan,Thu,2023,CUST618,Female,27,Adult,Beauty,1,50,50,2.5,,
619,10/13/2023,Oct,Fri,2023,CUST619,Male,47,Adult,Electronics,4,25,100,1.25,,
620,5/8/2023,May,Mon,2023,CUST620,Male,63,Older Adults,Electronics,3,25,75,1.25,,
621,3/4/2023,Mar,Sat,2023,CUST621,Female,40,Adult,Beauty,2,500,1000,25,,
622,8/22/2023,Aug,Tue,2023,CUST622,Female,49,Adult,Beauty,3,25,75,1.25,,
623,3/10/2023,Mar,Fri,2023,CUST623,Male,34,Adult,Clothing,3,50,150,2.5,,
624,8/26/2023,Aug,Sat,2023,CUST624,Female,34,Adult,Beauty,3,300,900,15,,
625,12/8/2023,Dec,Fri,2023,CUST625,Male,31,Adult,Clothing,1,300,300,15,,
626,9/29/2023,Sep,Fri,2023,CUST626,Female,26,Adult,Clothing,4,500,2000,25,,
627,10/14/2023,Oct,Sat,2023,CUST627,Male,57,Older Adults,Clothing,1,50,50,2.5,,
628,11/1/2023,Nov,Wed,2023,CUST628,Female,19,Adolescents,Beauty,4,50,200,2.5,,
629,6/12/2023,Jun,Mon,2023,CUST629,Male,62,Older Adults,Electronics,2,25,50,1.25,,
630,8/15/2023,Aug,Tue,2023,CUST630,Male,42,Adult,Clothing,2,50,100,2.5,,
631,11/10/2023,Nov,Fri,2023,CUST631,Male,56,Older Adults,Electronics,3,30,90,1.5,,
632,9/16/2023,Sep,Sat,2023,CUST632,Female,26,Adult,Electronics,4,25,100,1.25,,
633,8/7/2023,Aug,Mon,2023,CUST633,Male,39,Adult,Beauty,4,30,120,1.5,,
634,10/8/2023,Oct,Sun,2023,CUST634,Male,60,Older Adults,Electronics,4,500,2000,25,,
635,8/17/2023,Aug,Thu,2023,CUST635,Female,63,Older Adults,Electronics,3,300,900,15,,
636,3/23/2023,Mar,Thu,2023,CUST636,Female,21,Adolescents,Beauty,3,500,1500,25,,
637,9/1/2023,Sep,Fri,2023,CUST637,Male,43,Adult,Clothing,2,300,600,15,,
638,8/19/2023,Aug,Sat,2023,CUST638,Male,46,Adult,Electronics,1,500,500,25,,
639,5/13/2023,May,Sat,2023,CUST639,Female,62,Older Adults,Beauty,4,50,200,2.5,,
640,5/7/2023,May,Sun,2023,CUST640,Female,51,Older Adults,Electronics,4,30,120,1.5,,
641,11/23/2023,Nov,Thu,2023,CUST641,Female,40,Adult,Electronics,1,300,300,15,,
642,5/22/2023,May,Mon,2023,CUST642,Female,54,Older Adults,Clothing,4,25,100,1.25,,
643,9/24/2023,Sep,Sun,2023,CUST643,Female,28,Adult,Electronics,3,30,90,1.5,,
644,9/6/2023,Sep,Wed,2023,CUST644,Male,23,Adolescents,Beauty,3,25,75,1.25,,
645,11/17/2023,Nov,Fri,2023,CUST645,Female,35,Adult,Electronics,4,30,120,1.5,,
646,5/3/2023,May,Wed,2023,CUST646,Male,38,Adult,Clothing,3,30,90,1.5,,
647,5/21/2023,May,Sun,2023,CUST647,Male,59,Older Adults,Clothing,3,500,1500,25,,
648,8/14/2023,Aug,Mon,2023,CUST648,Male,53,Older Adults,Beauty,4,300,1200,15,,
649,2/9/2023,Feb,Thu,2023,CUST649,Female,58,Older Adults,Clothing,2,300,600,15,,
650,1/1/2024,Jan,Mon,2024,CUST650,Male,55,Older Adults,Electronics,1,30,30,1.5,,
651,5/27/2023,May,Sat,2023,CUST651,Male,51,Older Adults,Clothing,3,50,150,2.5,,
652,5/1/2023,May,Mon,2023,CUST652,Female,34,Adult,Beauty,2,50,100,2.5,,
653,5/20/2023,May,Sat,2023,CUST653,Male,54,Older Adults,Clothing,3,25,75,1.25,,
654,6/21/2023,Jun,Wed,2023,CUST654,Male,42,Adult,Clothing,3,25,75,1.25,,
655,6/13/2023,Jun,Tue,2023,CUST655,Female,55,Older Adults,Clothing,1,500,500,25,,
656,10/4/2023,Oct,Wed,2023,CUST656,Male,29,Adult,Beauty,3,30,90,1.5,,
657,2/11/2023,Feb,Sat,2023,CUST657,Male,40,Adult,Clothing,1,25,25,1.25,,
658,3/12/2023,Mar,Sun,2023,CUST658,Male,59,Older Adults,Clothing,1,25,25,1.25,,
659,3/19/2023,Mar,Sun,2023,CUST659,Female,39,Adult,Electronics,1,30,30,1.5,,
660,4/29/2023,Apr,Sat,2023,CUST660,Female,38,Adult,Beauty,2,500,1000,25,,
661,7/16/2023,Jul,Sun,2023,CUST661,Female,44,Adult,Clothing,4,25,100,1.25,,
662,12/22/2023,Dec,Fri,2023,CUST662,Male,48,Adult,Beauty,2,500,1000,25,,
663,3/20/2023,Mar,Mon,2023,CUST663,Male,23,Adolescents,Clothing,4,300,1200,15,,
664,12/28/2023,Dec,Thu,2023,CUST664,Female,44,Adult,Clothing,4,500,2000,25,,
665,4/20/2023,Apr,Thu,2023,CUST665,Male,57,Older Adults,Clothing,1,50,50,2.5,,
666,2/2/2023,Feb,Thu,2023,CUST666,Male,51,Older Adults,Electronics,3,50,150,2.5,,
667,8/1/2023,Aug,Tue,2023,CUST667,Female,29,Adult,Electronics,1,500,500,25,,
668,7/28/2023,Jul,Fri,2023,CUST668,Female,62,Older Adults,Electronics,3,50,150,2.5,,
669,6/19/2023,Jun,Mon,2023,CUST669,Male,24,Adolescents,Beauty,4,300,1200,15,,
670,10/5/2023,Oct,Thu,2023,CUST670,Male,27,Adult,Beauty,1,30,30,1.5,,
671,8/27/2023,Aug,Sun,2023,CUST671,Male,62,Older Adults,Electronics,3,50,150,2.5,,
672,8/1/2023,Aug,Tue,2023,CUST672,Female,34,Adult,Beauty,2,50,100,2.5,,
673,2/1/2023,Feb,Wed,2023,CUST673,Female,43,Adult,Clothing,3,500,1500,25,,
674,4/16/2023,Apr,Sun,2023,CUST674,Female,38,Adult,Clothing,1,300,300,15,,
675,8/4/2023,Aug,Fri,2023,CUST675,Female,45,Adult,Clothing,2,30,60,1.5,,
676,7/19/2023,Jul,Wed,2023,CUST676,Male,63,Older Adults,Electronics,3,500,1500,25,,
677,10/27/2023,Oct,Fri,2023,CUST677,Female,19,Adolescents,Beauty,3,500,1500,25,,
678,12/23/2023,Dec,Sat,2023,CUST678,Female,60,Older Adults,Electronics,3,300,900,15,,
679,1/11/2023,Jan,Wed,2023,CUST679,Female,18,Adolescents,Beauty,3,30,90,1.5,,
680,10/22/2023,Oct,Sun,2023,CUST680,Female,53,Older Adults,Clothing,3,300,900,15,,
681,7/14/2023,Jul,Fri,2023,CUST681,Female,43,Adult,Electronics,2,30,60,1.5,,
682,9/2/2023,Sep,Sat,2023,CUST682,Male,46,Adult,Beauty,4,300,1200,15,,
683,1/4/2023,Jan,Wed,2023,CUST683,Male,38,Adult,Beauty,2,500,1000,25,,
684,6/30/2023,Jun,Fri,2023,CUST684,Female,28,Adult,Clothing,2,500,1000,25,,
685,6/2/2023,Jun,Fri,2023,CUST685,Male,57,Older Adults,Electronics,2,25,50,1.25,,
686,7/19/2023,Jul,Wed,2023,CUST686,Female,28,Adult,Electronics,4,50,200,2.5,,
687,8/3/2023,Aug,Thu,2023,CUST687,Female,53,Older Adults,Electronics,1,300,300,15,,
688,10/3/2023,Oct,Tue,2023,CUST688,Male,56,Older Adults,Clothing,4,25,100,1.25,,
689,10/7/2023,Oct,Sat,2023,CUST689,Male,57,Older Adults,Electronics,2,50,100,2.5,,
690,11/5/2023,Nov,Sun,2023,CUST690,Female,52,Older Adults,Clothing,3,300,900,15,,
691,4/23/2023,Apr,Sun,2023,CUST691,Female,51,Older Adults,Clothing,3,30,90,1.5,,
692,9/7/2023,Sep,Thu,2023,CUST692,Female,64,Older Adults,Clothing,2,50,100,2.5,,
693,4/23/2023,Apr,Sun,2023,CUST693,Male,41,Adult,Beauty,3,500,1500,25,,
694,5/20/2023,May,Sat,2023,CUST694,Female,39,Adult,Electronics,2,25,50,1.25,,
695,8/12/2023,Aug,Sat,2023,CUST695,Female,22,Adolescents,Electronics,3,50,150,2.5,,
696,9/6/2023,Sep,Wed,2023,CUST696,Female,50,Older Adults,Clothing,4,50,200,2.5,,
697,1/15/2023,Jan,Sun,2023,CUST697,Male,53,Older Adults,Clothing,1,500,500,25,,
698,7/19/2023,Jul,Wed,2023,CUST698,Female,64,Older Adults,Electronics,1,300,300,15,,
699,6/22/2023,Jun,Thu,2023,CUST699,Female,37,Adult,Clothing,4,30,120,1.5,,
700,12/9/2023,Dec,Sat,2023,CUST700,Male,36,Adult,Electronics,4,500,2000,25,,
701,12/14/2023,Dec,Thu,2023,CUST701,Female,52,Older Adults,Beauty,2,30,60,1.5,,
702,7/27/2023,Jul,Thu,2023,CUST702,Female,60,Older Adults,Clothing,2,300,600,15,,
703,3/26/2023,Mar,Sun,2023,CUST703,Male,34,Adult,Electronics,2,50,100,2.5,,
704,8/28/2023,Aug,Mon,2023,CUST704,Female,62,Older Adults,Clothing,3,30,90,1.5,,
705,3/7/2023,Mar,Tue,2023,CUST705,Male,60,Older Adults,Electronics,2,25,50,1.25,,
706,11/15/2023,Nov,Wed,2023,CUST706,Male,51,Older Adults,Electronics,4,25,100,1.25,,
707,10/1/2023,Oct,Sun,2023,CUST707,Female,26,Adult,Clothing,1,500,500,25,,
708,1/14/2023,Jan,Sat,2023,CUST708,Female,43,Adult,Beauty,3,300,900,15,,
709,7/21/2023,Jul,Fri,2023,CUST709,Female,19,Adolescents,Electronics,2,500,1000,25,,
710,10/31/2023,Oct,Tue,2023,CUST710,Female,26,Adult,Electronics,3,500,1500,25,,
711,10/16/2023,Oct,Mon,2023,CUST711,Male,26,Adult,Electronics,3,500,1500,25,,
712,12/6/2023,Dec,Wed,2023,CUST712,Female,57,Older Adults,Beauty,2,25,50,1.25,,
713,1/14/2023,Jan,Sat,2023,CUST713,Male,34,Adult,Beauty,3,25,75,1.25,,
714,2/12/2023,Feb,Sun,2023,CUST714,Female,18,Adolescents,Clothing,1,500,500,25,,
715,11/26/2023,Nov,Sun,2023,CUST715,Female,42,Adult,Beauty,4,25,100,1.25,,
716,8/8/2023,Aug,Tue,2023,CUST716,Female,60,Older Adults,Clothing,4,300,1200,15,,
717,3/11/2023,Mar,Sat,2023,CUST717,Male,57,Older Adults,Clothing,1,500,500,25,,
718,8/25/2023,Aug,Fri,2023,CUST718,Female,59,Older Adults,Beauty,3,25,75,1.25,,
719,4/4/2023,Apr,Tue,2023,CUST719,Female,42,Adult,Clothing,2,30,60,1.5,,
720,1/26/2023,Jan,Thu,2023,CUST720,Female,56,Older Adults,Beauty,3,500,1500,25,,
721,5/14/2023,May,Sun,2023,CUST721,Female,52,Older Adults,Clothing,1,500,500,25,,
722,7/14/2023,Jul,Fri,2023,CUST722,Male,20,Adolescents,Beauty,3,300,900,15,,
723,6/17/2023,Jun,Sat,2023,CUST723,Female,54,Older Adults,Beauty,4,50,200,2.5,,
724,4/19/2023,Apr,Wed,2023,CUST724,Male,61,Older Adults,Clothing,3,50,150,2.5,,
725,8/21/2023,Aug,Mon,2023,CUST725,Male,61,Older Adults,Electronics,1,300,300,15,,
726,6/17/2023,Jun,Sat,2023,CUST726,Male,47,Adult,Clothing,4,300,1200,15,,
727,6/22/2023,Jun,Thu,2023,CUST727,Male,55,Older Adults,Beauty,3,300,900,15,,
728,7/14/2023,Jul,Fri,2023,CUST728,Male,51,Older Adults,Electronics,3,50,150,2.5,,
729,5/23/2023,May,Tue,2023,CUST729,Male,29,Adult,Clothing,4,300,1200,15,,
730,8/4/2023,Aug,Fri,2023,CUST730,Female,36,Adult,Clothing,2,25,50,1.25,,
731,5/10/2023,May,Wed,2023,CUST731,Male,54,Older Adults,Clothing,4,500,2000,25,,
732,2/11/2023,Feb,Sat,2023,CUST732,Male,61,Older Adults,Electronics,2,500,1000,25,,
733,8/29/2023,Aug,Tue,2023,CUST733,Male,34,Adult,Beauty,1,30,30,1.5,,
734,1/10/2023,Jan,Tue,2023,CUST734,Female,27,Adult,Clothing,1,30,30,1.5,,
735,10/4/2023,Oct,Wed,2023,CUST735,Female,64,Older Adults,Clothing,4,500,2000,25,,
736,1/27/2023,Jan,Fri,2023,CUST736,Male,29,Adult,Clothing,4,25,100,1.25,,
737,6/29/2023,Jun,Thu,2023,CUST737,Female,33,Adult,Clothing,1,50,50,2.5,,
738,4/25/2023,Apr,Tue,2023,CUST738,Male,41,Adult,Clothing,2,50,100,2.5,,
739,11/29/2023,Nov,Wed,2023,CUST739,Male,36,Adult,Beauty,1,25,25,1.25,,
740,2/5/2023,Feb,Sun,2023,CUST740,Female,25,Adolescents,Beauty,4,50,200,2.5,,
741,11/30/2023,Nov,Thu,2023,CUST741,Male,48,Adult,Clothing,1,300,300,15,,
742,1/21/2023,Jan,Sat,2023,CUST742,Female,38,Adult,Electronics,4,500,2000,25,,
743,1/16/2023,Jan,Mon,2023,CUST743,Female,34,Adult,Beauty,4,500,2000,25,,
744,5/7/2023,May,Sun,2023,CUST744,Male,40,Adult,Electronics,1,25,25,1.25,,
745,4/13/2023,Apr,Thu,2023,CUST745,Male,54,Older Adults,Beauty,2,50,100,2.5,,
746,1/11/2023,Jan,Wed,2023,CUST746,Female,33,Adult,Clothing,3,30,90,1.5,,
747,11/15/2023,Nov,Wed,2023,CUST747,Male,23,Adolescents,Beauty,1,30,30,1.5,,
748,3/20/2023,Mar,Mon,2023,CUST748,Male,25,Adolescents,Clothing,3,50,150,2.5,,
749,5/3/2023,May,Wed,2023,CUST749,Male,42,Adult,Beauty,1,30,30,1.5,,
750,3/6/2023,Mar,Mon,2023,CUST750,Female,35,Adult,Clothing,3,25,75,1.25,,
751,8/31/2023,Aug,Thu,2023,CUST751,Female,42,Adult,Clothing,2,25,50,1.25,,
752,12/9/2023,Dec,Sat,2023,CUST752,Male,29,Adult,Clothing,2,50,100,2.5,,
753,2/28/2023,Feb,Tue,2023,CUST753,Female,32,Adult,Clothing,1,30,30,1.5,,
754,10/16/2023,Oct,Mon,2023,CUST754,Female,43,Adult,Electronics,4,25,100,1.25,,
755,4/22/2023,Apr,Sat,2023,CUST755,Female,58,Older Adults,Clothing,3,25,75,1.25,,
756,8/27/2023,Aug,Sun,2023,CUST756,Female,62,Older Adults,Electronics,4,300,1200,15,,
757,12/25/2023,Dec,Mon,2023,CUST757,Female,43,Adult,Electronics,4,300,1200,15,,
758,5/12/2023,May,Fri,2023,CUST758,Male,64,Older Adults,Clothing,4,25,100,1.25,,
759,7/8/2023,Jul,Sat,2023,CUST759,Male,49,Adult,Electronics,2,50,100,2.5,,
760,3/27/2023,Mar,Mon,2023,CUST760,Male,27,Adult,Beauty,1,500,500,25,,
761,11/7/2023,Nov,Tue,2023,CUST761,Female,33,Adult,Clothing,1,500,500,25,,
762,11/7/2023,Nov,Tue,2023,CUST762,Female,24,Adolescents,Electronics,2,25,50,1.25,,
763,2/28/2023,Feb,Tue,2023,CUST763,Male,34,Adult,Clothing,2,25,50,1.25,,
764,3/25/2023,Mar,Sat,2023,CUST764,Female,40,Adult,Clothing,1,25,25,1.25,,
765,6/9/2023,Jun,Fri,2023,CUST765,Male,43,Adult,Clothing,4,50,200,2.5,,
766,2/25/2023,Feb,Sat,2023,CUST766,Male,38,Adult,Electronics,3,300,900,15,,
767,10/24/2023,Oct,Tue,2023,CUST767,Male,39,Adult,Beauty,3,25,75,1.25,,
768,1/14/2023,Jan,Sat,2023,CUST768,Female,24,Adolescents,Beauty,3,25,75,1.25,,
769,6/9/2023,Jun,Fri,2023,CUST769,Female,31,Adult,Electronics,4,30,120,1.5,,
770,10/22/2023,Oct,Sun,2023,CUST770,Male,32,Adult,Clothing,1,50,50,2.5,,
771,12/13/2023,Dec,Wed,2023,CUST771,Male,24,Adolescents,Electronics,2,25,50,1.25,,
772,7/12/2023,Jul,Wed,2023,CUST772,Male,26,Adult,Electronics,1,30,30,1.5,,
773,7/23/2023,Jul,Sun,2023,CUST773,Male,25,Adolescents,Electronics,4,500,2000,25,,
774,4/12/2023,Apr,Wed,2023,CUST774,Female,40,Adult,Clothing,2,25,50,1.25,,
775,2/8/2023,Feb,Wed,2023,CUST775,Female,46,Adult,Electronics,4,25,100,1.25,,
776,10/31/2023,Oct,Tue,2023,CUST776,Male,35,Adult,Clothing,3,30,90,1.5,,
777,12/20/2023,Dec,Wed,2023,CUST777,Male,48,Adult,Electronics,3,50,150,2.5,,
778,11/18/2023,Nov,Sat,2023,CUST778,Female,47,Adult,Beauty,4,25,100,1.25,,
779,5/5/2023,May,Fri,2023,CUST779,Female,56,Older Adults,Electronics,2,500,1000,25,,
780,2/22/2023,Feb,Wed,2023,CUST780,Male,52,Older Adults,Electronics,2,25,50,1.25,,
781,12/23/2023,Dec,Sat,2023,CUST781,Male,35,Adult,Beauty,1,500,500,25,,
782,6/4/2023,Jun,Sun,2023,CUST782,Male,59,Older Adults,Clothing,3,300,900,15,,
783,12/17/2023,Dec,Sun,2023,CUST783,Female,56,Older Adults,Clothing,1,300,300,15,,
784,11/4/2023,Nov,Sat,2023,CUST784,Female,34,Adult,Electronics,1,500,500,25,,
785,3/3/2023,Mar,Fri,2023,CUST785,Female,31,Adult,Beauty,4,50,200,2.5,,
786,10/17/2023,Oct,Tue,2023,CUST786,Male,48,Adult,Clothing,4,25,100,1.25,,
787,1/22/2023,Jan,Sun,2023,CUST787,Male,41,Adult,Electronics,1,25,25,1.25,,
788,6/27/2023,Jun,Tue,2023,CUST788,Female,52,Older Adults,Beauty,3,300,900,15,,
789,9/30/2023,Sep,Sat,2023,CUST789,Female,61,Older Adults,Clothing,4,500,2000,25,,
790,8/8/2023,Aug,Tue,2023,CUST790,Male,62,Older Adults,Clothing,1,25,25,1.25,,
791,12/5/2023,Dec,Tue,2023,CUST791,Female,51,Older Adults,Beauty,1,25,25,1.25,,
792,7/9/2023,Jul,Sun,2023,CUST792,Female,20,Adolescents,Beauty,1,50,50,2.5,,
793,2/5/2023,Feb,Sun,2023,CUST793,Male,54,Older Adults,Beauty,1,30,30,1.5,,
794,9/17/2023,Sep,Sun,2023,CUST794,Female,60,Older Adults,Beauty,1,300,300,15,,
795,11/28/2023,Nov,Tue,2023,CUST795,Male,57,Older Adults,Electronics,1,300,300,15,,
796,6/24/2023,Jun,Sat,2023,CUST796,Male,43,Adult,Beauty,4,30,120,1.5,,
797,1/7/2023,Jan,Sat,2023,CUST797,Male,40,Adult,Clothing,3,25,75,1.25,,
798,8/4/2023,Aug,Fri,2023,CUST798,Male,61,Older Adults,Clothing,1,50,50,2.5,,
799,9/8/2023,Sep,Fri,2023,CUST799,Male,56,Older Adults,Electronics,2,50,100,2.5,,
800,2/24/2023,Feb,Fri,2023,CUST800,Male,32,Adult,Clothing,4,300,1200,15,,
801,8/10/2023,Aug,Thu,2023,CUST801,Male,21,Adolescents,Clothing,4,50,200,2.5,,
802,7/5/2023,Jul,Wed,2023,CUST802,Female,46,Adult,Beauty,1,30,30,1.5,,
803,11/22/2023,Nov,Wed,2023,CUST803,Male,39,Adult,Clothing,4,25,100,1.25,,
804,8/24/2023,Aug,Thu,2023,CUST804,Male,42,Adult,Electronics,1,30,30,1.5,,
805,12/29/2023,Dec,Fri,2023,CUST805,Female,30,Adult,Beauty,3,500,1500,25,,
806,3/20/2023,Mar,Mon,2023,CUST806,Female,35,Adult,Beauty,3,300,900,15,,
807,8/11/2023,Aug,Fri,2023,CUST807,Female,50,Older Adults,Electronics,4,50,200,2.5,,
808,4/1/2023,Apr,Sat,2023,CUST808,Male,33,Adult,Beauty,4,500,2000,25,,
809,9/25/2023,Sep,Mon,2023,CUST809,Female,62,Older Adults,Beauty,2,50,100,2.5,,
810,11/30/2023,Nov,Thu,2023,CUST810,Male,59,Older Adults,Electronics,4,25,100,1.25,,
811,5/19/2023,May,Fri,2023,CUST811,Male,61,Older Adults,Beauty,2,25,50,1.25,,
812,11/12/2023,Nov,Sun,2023,CUST812,Male,19,Adolescents,Electronics,3,25,75,1.25,,
813,10/3/2023,Oct,Tue,2023,CUST813,Male,52,Older Adults,Electronics,3,50,150,2.5,,
814,9/5/2023,Sep,Tue,2023,CUST814,Female,59,Older Adults,Clothing,1,500,500,25,,
815,8/27/2023,Aug,Sun,2023,CUST815,Female,51,Older Adults,Clothing,3,25,75,1.25,,
816,8/12/2023,Aug,Sat,2023,CUST816,Male,47,Adult,Beauty,2,500,1000,25,,
817,10/31/2023,Oct,Tue,2023,CUST817,Male,30,Adult,Beauty,4,50,200,2.5,,
818,5/18/2023,May,Thu,2023,CUST818,Male,30,Adult,Electronics,1,500,500,25,,
819,6/15/2023,Jun,Thu,2023,CUST819,Female,35,Adult,Beauty,2,50,100,2.5,,
820,5/6/2023,May,Sat,2023,CUST820,Male,49,Adult,Electronics,4,50,200,2.5,,
821,2/14/2023,Feb,Tue,2023,CUST821,Male,49,Adult,Electronics,1,300,300,15,,
822,5/23/2023,May,Tue,2023,CUST822,Female,52,Older Adults,Beauty,3,50,150,2.5,,
823,8/19/2023,Aug,Sat,2023,CUST823,Female,56,Older Adults,Electronics,2,50,100,2.5,,
824,5/5/2023,May,Fri,2023,CUST824,Male,63,Older Adults,Clothing,4,30,120,1.5,,
825,8/26/2023,Aug,Sat,2023,CUST825,Female,46,Adult,Beauty,1,25,25,1.25,,
826,10/19/2023,Oct,Thu,2023,CUST826,Female,46,Adult,Clothing,1,300,300,15,,
827,11/9/2023,Nov,Thu,2023,CUST827,Male,61,Older Adults,Beauty,3,300,900,15,,
828,12/9/2023,Dec,Sat,2023,CUST828,Female,33,Adult,Electronics,4,300,1200,15,,
829,7/14/2023,Jul,Fri,2023,CUST829,Male,61,Older Adults,Beauty,3,30,90,1.5,,
830,6/22/2023,Jun,Thu,2023,CUST830,Female,64,Older Adults,Clothing,3,50,150,2.5,,
831,1/15/2023,Jan,Sun,2023,CUST831,Male,27,Adult,Electronics,4,25,100,1.25,,
832,9/11/2023,Sep,Mon,2023,CUST832,Male,47,Adult,Beauty,4,500,2000,25,,
833,6/16/2023,Jun,Fri,2023,CUST833,Male,42,Adult,Beauty,4,50,200,2.5,,
834,4/4/2023,Apr,Tue,2023,CUST834,Female,56,Older Adults,Beauty,2,30,60,1.5,,
835,9/7/2023,Sep,Thu,2023,CUST835,Male,37,Adult,Clothing,4,50,200,2.5,,
836,4/19/2023,Apr,Wed,2023,CUST836,Female,22,Adolescents,Clothing,1,50,50,2.5,,
837,7/1/2023,Jul,Sat,2023,CUST837,Male,18,Adolescents,Beauty,3,30,90,1.5,,
838,5/13/2023,May,Sat,2023,CUST838,Male,47,Adult,Electronics,2,300,600,15,,
839,6/24/2023,Jun,Sat,2023,CUST839,Female,20,Adolescents,Electronics,4,300,1200,15,,
840,5/24/2023,May,Wed,2023,CUST840,Male,62,Older Adults,Clothing,2,25,50,1.25,,
841,11/2/2023,Nov,Thu,2023,CUST841,Male,31,Adult,Electronics,4,25,100,1.25,,
842,12/26/2023,Dec,Tue,2023,CUST842,Female,47,Adult,Clothing,2,300,600,15,,
843,5/22/2023,May,Mon,2023,CUST843,Male,21,Adolescents,Beauty,3,500,1500,25,,
844,10/12/2023,Oct,Thu,2023,CUST844,Male,35,Adult,Clothing,3,50,150,2.5,,
845,1/6/2023,Jan,Fri,2023,CUST845,Male,54,Older Adults,Clothing,1,500,500,25,,
846,9/22/2023,Sep,Fri,2023,CUST846,Male,42,Adult,Beauty,1,50,50,2.5,,
847,4/8/2023,Apr,Sat,2023,CUST847,Female,18,Adolescents,Electronics,4,300,1200,15,,
848,2/13/2023,Feb,Mon,2023,CUST848,Female,63,Older Adults,Clothing,3,25,75,1.25,,
849,5/4/2023,May,Thu,2023,CUST849,Male,32,Adult,Clothing,2,25,50,1.25,,
850,7/28/2023,Jul,Fri,2023,CUST850,Female,26,Adult,Beauty,2,500,1000,25,,
851,9/8/2023,Sep,Fri,2023,CUST851,Male,32,Adult,Electronics,2,25,50,1.25,,
852,10/12/2023,Oct,Thu,2023,CUST852,Female,41,Adult,Clothing,1,300,300,15,,
853,5/4/2023,May,Thu,2023,CUST853,Male,21,Adolescents,Beauty,2,500,1000,25,,
854,12/20/2023,Dec,Wed,2023,CUST854,Male,29,Adult,Clothing,1,50,50,2.5,,
855,9/1/2023,Sep,Fri,2023,CUST855,Male,54,Older Adults,Beauty,1,25,25,1.25,,
856,11/27/2023,Nov,Mon,2023,CUST856,Male,54,Older Adults,Electronics,4,30,120,1.5,,
857,12/31/2023,Dec,Sun,2023,CUST857,Male,60,Older Adults,Electronics,2,25,50,1.25,,
858,9/9/2023,Sep,Sat,2023,CUST858,Male,23,Adolescents,Electronics,2,50,100,2.5,,
859,8/18/2023,Aug,Fri,2023,CUST859,Female,56,Older Adults,Electronics,3,500,1500,25,,
860,1/9/2023,Jan,Mon,2023,CUST860,Male,63,Older Adults,Clothing,4,50,200,2.5,,
861,2/17/2023,Feb,Fri,2023,CUST861,Female,41,Adult,Clothing,3,30,90,1.5,,
862,5/31/2023,May,Wed,2023,CUST862,Male,28,Adult,Electronics,4,300,1200,15,,
863,4/24/2023,Apr,Mon,2023,CUST863,Female,30,Adult,Electronics,2,25,50,1.25,,
864,7/27/2023,Jul,Thu,2023,CUST864,Female,51,Older Adults,Electronics,1,500,500,25,,
865,12/21/2023,Dec,Thu,2023,CUST865,Female,42,Adult,Clothing,1,300,300,15,,
866,5/5/2023,May,Fri,2023,CUST866,Male,24,Adolescents,Electronics,1,50,50,2.5,,
867,6/6/2023,Jun,Tue,2023,CUST867,Male,21,Adolescents,Electronics,1,500,500,25,,
868,12/6/2023,Dec,Wed,2023,CUST868,Female,25,Adolescents,Electronics,1,300,300,15,,
869,10/25/2023,Oct,Wed,2023,CUST869,Male,37,Adult,Beauty,3,500,1500,25,,
870,7/8/2023,Jul,Sat,2023,CUST870,Female,46,Adult,Electronics,4,30,120,1.5,,
871,8/31/2023,Aug,Thu,2023,CUST871,Male,62,Older Adults,Beauty,2,30,60,1.5,,
872,10/11/2023,Oct,Wed,2023,CUST872,Female,63,Older Adults,Beauty,3,25,75,1.25,,
873,9/29/2023,Sep,Fri,2023,CUST873,Female,27,Adult,Electronics,4,25,100,1.25,,
874,6/26/2023,Jun,Mon,2023,CUST874,Male,60,Older Adults,Beauty,1,30,30,1.5,,
875,8/6/2023,Aug,Sun,2023,CUST875,Female,51,Older Adults,Electronics,4,500,2000,25,,
876,10/9/2023,Oct,Mon,2023,CUST876,Male,43,Adult,Clothing,4,30,120,1.5,,
877,6/19/2023,Jun,Mon,2023,CUST877,Female,58,Older Adults,Clothing,1,25,25,1.25,,
878,6/30/2023,Jun,Fri,2023,CUST878,Female,20,Adolescents,Clothing,1,30,30,1.5,,
879,12/26/2023,Dec,Tue,2023,CUST879,Male,23,Adolescents,Clothing,1,30,30,1.5,,
880,8/21/2023,Aug,Mon,2023,CUST880,Male,22,Adolescents,Beauty,2,500,1000,25,,
881,5/19/2023,May,Fri,2023,CUST881,Male,22,Adolescents,Electronics,1,300,300,15,,
882,6/6/2023,Jun,Tue,2023,CUST882,Female,64,Older Adults,Electronics,2,25,50,1.25,,
883,5/9/2023,May,Tue,2023,CUST883,Male,40,Adult,Electronics,1,500,500,25,,
884,4/29/2023,Apr,Sat,2023,CUST884,Female,26,Adult,Clothing,2,30,60,1.5,,
885,3/3/2023,Mar,Fri,2023,CUST885,Female,52,Older Adults,Clothing,4,30,120,1.5,,
886,4/9/2023,Apr,Sun,2023,CUST886,Male,37,Adult,Electronics,3,300,900,15,,
887,6/11/2023,Jun,Sun,2023,CUST887,Male,59,Older Adults,Clothing,4,25,100,1.25,,
888,3/3/2023,Mar,Fri,2023,CUST888,Female,52,Older Adults,Electronics,4,25,100,1.25,,
889,10/2/2023,Oct,Mon,2023,CUST889,Female,35,Adult,Electronics,1,50,50,2.5,,
890,12/20/2023,Dec,Wed,2023,CUST890,Male,34,Adult,Electronics,2,25,50,1.25,,
891,4/5/2023,Apr,Wed,2023,CUST891,Male,41,Adult,Electronics,3,300,900,15,,
892,4/9/2023,Apr,Sun,2023,CUST892,Male,20,Adolescents,Electronics,1,50,50,2.5,,
893,4/21/2023,Apr,Fri,2023,CUST893,Male,49,Adult,Electronics,1,50,50,2.5,,
894,9/5/2023,Sep,Tue,2023,CUST894,Male,52,Older Adults,Electronics,1,30,30,1.5,,
895,5/22/2023,May,Mon,2023,CUST895,Female,55,Older Adults,Clothing,4,30,120,1.5,,
896,10/29/2023,Oct,Sun,2023,CUST896,Female,30,Adult,Electronics,2,25,50,1.25,,
897,9/26/2023,Sep,Tue,2023,CUST897,Female,64,Older Adults,Electronics,2,50,100,2.5,,
898,11/2/2023,Nov,Thu,2023,CUST898,Female,42,Adult,Clothing,3,30,90,1.5,,
899,5/25/2023,May,Thu,2023,CUST899,Male,26,Adult,Clothing,2,300,600,15,,
900,2/21/2023,Feb,Tue,2023,CUST900,Male,21,Adolescents,Clothing,2,30,60,1.5,,
901,4/10/2023,Apr,Mon,2023,CUST901,Male,31,Adult,Electronics,1,30,30,1.5,,
902,6/1/2023,Jun,Thu,2023,CUST902,Female,54,Older Adults,Beauty,1,50,50,2.5,,
903,4/27/2023,Apr,Thu,2023,CUST903,Female,51,Older Adults,Beauty,4,50,200,2.5,,
904,7/4/2023,Jul,Tue,2023,CUST904,Male,28,Adult,Clothing,1,500,500,25,,
905,4/2/2023,Apr,Sun,2023,CUST905,Male,58,Older Adults,Beauty,1,300,300,15,,
906,6/4/2023,Jun,Sun,2023,CUST906,Female,20,Adolescents,Clothing,1,50,50,2.5,,
907,1/8/2023,Jan,Sun,2023,CUST907,Female,45,Adult,Electronics,1,25,25,1.25,,
908,12/29/2023,Dec,Fri,2023,CUST908,Male,46,Adult,Beauty,4,300,1200,15,,
909,10/1/2023,Oct,Sun,2023,CUST909,Male,26,Adult,Electronics,1,300,300,15,,
910,3/6/2023,Mar,Mon,2023,CUST910,Female,20,Adolescents,Beauty,3,50,150,2.5,,
911,5/21/2023,May,Sun,2023,CUST911,Male,42,Adult,Electronics,3,300,900,15,,
912,1/24/2023,Jan,Tue,2023,CUST912,Male,51,Older Adults,Beauty,3,50,150,2.5,,
913,1/28/2023,Jan,Sat,2023,CUST913,Male,29,Adult,Electronics,3,30,90,1.5,,
914,10/11/2023,Oct,Wed,2023,CUST914,Female,59,Older Adults,Electronics,1,500,500,25,,
915,5/30/2023,May,Tue,2023,CUST915,Female,26,Adult,Beauty,3,30,90,1.5,,
916,12/24/2023,Dec,Sun,2023,CUST916,Female,32,Adult,Electronics,1,50,50,2.5,,
917,3/6/2023,Mar,Mon,2023,CUST917,Female,57,Older Adults,Electronics,4,50,200,2.5,,
918,11/23/2023,Nov,Thu,2023,CUST918,Female,42,Adult,Electronics,3,30,90,1.5,,
919,9/9/2023,Sep,Sat,2023,CUST919,Female,22,Adolescents,Beauty,2,25,50,1.25,,
920,2/22/2023,Feb,Wed,2023,CUST920,Female,28,Adult,Beauty,3,25,75,1.25,,
921,1/7/2023,Jan,Sat,2023,CUST921,Male,51,Older Adults,Electronics,3,25,75,1.25,,
922,10/21/2023,Oct,Sat,2023,CUST922,Male,41,Adult,Electronics,1,50,50,2.5,,
923,5/26/2023,May,Fri,2023,CUST923,Male,32,Adult,Beauty,3,300,900,15,,
924,8/29/2023,Aug,Tue,2023,CUST924,Male,55,Older Adults,Beauty,2,50,100,2.5,,
925,9/3/2023,Sep,Sun,2023,CUST925,Male,25,Adolescents,Electronics,1,300,300,15,,
926,8/14/2023,Aug,Mon,2023,CUST926,Male,22,Adolescents,Electronics,1,30,30,1.5,,
927,6/24/2023,Jun,Sat,2023,CUST927,Male,43,Adult,Electronics,4,500,2000,25,,
928,4/5/2023,Apr,Wed,2023,CUST928,Female,35,Adult,Clothing,4,300,1200,15,,
929,1/27/2023,Jan,Fri,2023,CUST929,Female,23,Adolescents,Beauty,3,25,75,1.25,,
930,5/10/2023,May,Wed,2023,CUST930,Male,54,Older Adults,Clothing,4,50,200,2.5,,
931,9/2/2023,Sep,Sat,2023,CUST931,Male,30,Adult,Beauty,4,30,120,1.5,,
932,2/28/2023,Feb,Tue,2023,CUST932,Female,45,Adult,Beauty,4,25,100,1.25,,
933,2/3/2023,Feb,Fri,2023,CUST933,Male,22,Adolescents,Beauty,1,30,30,1.5,,
934,7/25/2023,Jul,Tue,2023,CUST934,Male,30,Adult,Beauty,1,500,500,25,,
935,9/9/2023,Sep,Sat,2023,CUST935,Female,34,Adult,Beauty,1,50,50,2.5,,
936,2/7/2023,Feb,Tue,2023,CUST936,Male,57,Older Adults,Beauty,4,50,200,2.5,,
937,10/23/2023,Oct,Mon,2023,CUST937,Female,62,Older Adults,Beauty,1,500,500,25,,
938,11/19/2023,Nov,Sun,2023,CUST938,Male,49,Adult,Clothing,4,50,200,2.5,,
939,12/18/2023,Dec,Mon,2023,CUST939,Female,46,Adult,Electronics,1,300,300,15,,
940,1/28/2023,Jan,Sat,2023,CUST940,Female,20,Adolescents,Electronics,1,30,30,1.5,,
941,3/19/2023,Mar,Sun,2023,CUST941,Female,57,Older Adults,Clothing,2,25,50,1.25,,
942,3/18/2023,Mar,Sat,2023,CUST942,Male,51,Older Adults,Clothing,3,500,1500,25,,
943,10/16/2023,Oct,Mon,2023,CUST943,Female,57,Older Adults,Clothing,4,300,1200,15,,
944,6/5/2023,Jun,Mon,2023,CUST944,Male,44,Adult,Clothing,2,25,50,1.25,,
945,2/13/2023,Feb,Mon,2023,CUST945,Male,30,Adult,Beauty,1,25,25,1.25,,
946,5/8/2023,May,Mon,2023,CUST946,Male,62,Older Adults,Electronics,4,500,2000,25,,
947,3/2/2023,Mar,Thu,2023,CUST947,Male,50,Older Adults,Beauty,1,300,300,15,,
948,10/13/2023,Oct,Fri,2023,CUST948,Female,23,Adolescents,Electronics,3,25,75,1.25,,
949,8/2/2023,Aug,Wed,2023,CUST949,Female,41,Adult,Electronics,2,25,50,1.25,,
950,11/7/2023,Nov,Tue,2023,CUST950,Male,36,Adult,Clothing,3,300,900,15,,
951,11/2/2023,Nov,Thu,2023,CUST951,Male,33,Adult,Beauty,2,50,100,2.5,,
952,11/13/2023,Nov,Mon,2023,CUST952,Female,57,Older Adults,Clothing,1,25,25,1.25,,
953,4/26/2023,Apr,Wed,2023,CUST953,Male,45,Adult,Beauty,3,30,90,1.5,,
954,9/25/2023,Sep,Mon,2023,CUST954,Female,50,Older Adults,Electronics,3,300,900,15,,
955,7/14/2023,Jul,Fri,2023,CUST955,Male,58,Older Adults,Clothing,1,25,25,1.25,,
956,8/19/2023,Aug,Sat,2023,CUST956,Male,30,Adult,Clothing,3,500,1500,25,,
957,8/15/2023,Aug,Tue,2023,CUST957,Female,60,Older Adults,Electronics,4,30,120,1.5,,
958,6/2/2023,Jun,Fri,2023,CUST958,Male,62,Older Adults,Electronics,2,25,50,1.25,,
959,10/29/2023,Oct,Sun,2023,CUST959,Female,42,Adult,Electronics,2,30,60,1.5,,
960,8/8/2023,Aug,Tue,2023,CUST960,Male,59,Older Adults,Clothing,2,30,60,1.5,,
961,6/6/2023,Jun,Tue,2023,CUST961,Male,53,Older Adults,Beauty,4,50,200,2.5,,
962,10/19/2023,Oct,Thu,2023,CUST962,Male,44,Adult,Clothing,2,30,60,1.5,,
963,11/14/2023,Nov,Tue,2023,CUST963,Female,55,Older Adults,Beauty,1,50,50,2.5,,
964,1/31/2023,Jan,Tue,2023,CUST964,Male,24,Adolescents,Clothing,3,300,900,15,,
965,11/9/2023,Nov,Thu,2023,CUST965,Male,22,Adolescents,Clothing,4,50,200,2.5,,
966,2/20/2023,Feb,Mon,2023,CUST966,Male,60,Older Adults,Electronics,2,500,1000,25,,
967,4/17/2023,Apr,Mon,2023,CUST967,Male,62,Older Adults,Beauty,1,25,25,1.25,,
968,11/17/2023,Nov,Fri,2023,CUST968,Female,48,Adult,Clothing,3,300,900,15,,
969,4/19/2023,Apr,Wed,2023,CUST969,Female,40,Adult,Clothing,3,300,900,15,,
970,5/16/2023,May,Tue,2023,CUST970,Male,59,Older Adults,Electronics,4,500,2000,25,,
971,12/5/2023,Dec,Tue,2023,CUST971,Female,27,Adult,Electronics,4,50,200,2.5,,
972,2/11/2023,Feb,Sat,2023,CUST972,Male,49,Adult,Beauty,4,25,100,1.25,,
973,3/22/2023,Mar,Wed,2023,CUST973,Male,60,Older Adults,Clothing,1,50,50,2.5,,
974,5/3/2023,May,Wed,2023,CUST974,Male,47,Adult,Beauty,1,30,30,1.5,,
975,3/30/2023,Mar,Thu,2023,CUST975,Female,56,Older Adults,Clothing,4,50,200,2.5,,
976,10/10/2023,Oct,Tue,2023,CUST976,Female,48,Adult,Beauty,2,300,600,15,,
977,2/8/2023,Feb,Wed,2023,CUST977,Female,35,Adult,Electronics,3,25,75,1.25,,
978,3/22/2023,Mar,Wed,2023,CUST978,Female,53,Older Adults,Clothing,3,50,150,2.5,,
979,1/2/2023,Jan,Mon,2023,CUST979,Female,19,Adolescents,Beauty,1,25,25,1.25,,
980,7/29/2023,Jul,Sat,2023,CUST980,Female,31,Adult,Electronics,3,25,75,1.25,,
981,8/19/2023,Aug,Sat,2023,CUST981,Female,30,Adult,Electronics,2,30,60,1.5,,
982,12/19/2023,Dec,Tue,2023,CUST982,Female,46,Adult,Beauty,3,30,90,1.5,,
983,11/1/2023,Nov,Wed,2023,CUST983,Female,29,Adult,Clothing,1,300,300,15,,
984,8/29/2023,Aug,Tue,2023,CUST984,Male,56,Older Adults,Clothing,1,500,500,25,,
985,5/30/2023,May,Tue,2023,CUST985,Female,19,Adolescents,Electronics,2,25,50,1.25,,
986,1/17/2023,Jan,Tue,2023,CUST986,Female,49,Adult,Clothing,2,500,1000,25,,
987,4/29/2023,Apr,Sat,2023,CUST987,Female,30,Adult,Clothing,3,300,900,15,,
988,5/28/2023,May,Sun,2023,CUST988,Female,63,Older Adults,Clothing,3,25,75,1.25,,
989,12/28/2023,Dec,Thu,2023,CUST989,Female,44,Adult,Electronics,1,25,25,1.25,,
990,5/25/2023,May,Thu,2023,CUST990,Female,58,Older Adults,Beauty,2,500,1000,25,,
991,12/26/2023,Dec,Tue,2023,CUST991,Female,34,Adult,Clothing,2,50,100,2.5,,
992,8/21/2023,Aug,Mon,2023,CUST992,Female,57,Older Adults,Electronics,2,30,60,1.5,,
993,2/6/2023,Feb,Mon,2023,CUST993,Female,48,Adult,Electronics,3,50,150,2.5,,
994,12/18/2023,Dec,Mon,2023,CUST994,Female,51,Older Adults,Beauty,2,500,1000,25,,
995,4/30/2023,Apr,Sun,2023,CUST995,Female,41,Adult,Clothing,1,30,30,1.5,,
996,5/16/2023,May,Tue,2023,CUST996,Male,62,Older Adults,Clothing,1,50,50,2.5,,
997,11/17/2023,Nov,Fri,2023,CUST997,Male,52,Older Adults,Beauty,3,30,90,1.5,,
998,10/29/2023,Oct,Sun,2023,CUST998,Female,23,Adolescents,Beauty,4,25,100,1.25,,
999,12/5/2023,Dec,Tue,2023,CUST999,Female,36,Adult,Electronics,3,50,150,2.5,,
1000,4/12/2023,Apr,Wed,2023,CUST1000,Male,47,Adult,Electronics,4,30,120,1.5,,
